{
  "data": [
    {
      "value_type": 0,
      "proposedChange": "Add standard value to codelist",
      "proposalStatus": 3,
      "P_shortName": "IHO Hydro",
      "remarks": "",
      "camelCase": "voltage380V",
      "justification": "For S-131 Edition 2.0.0",
      "similarityToSourceDefinition": "No change has been made to the specification.",
      "proposalType": 1,
      "submitStatus": 1,
      "organization": "IHO (TWCWG)",
      "referenceSource": "IHO Nautical Information Provision Working Group",
      "name": "380V",
      "dateProposed": "2026-01-28",
      "idx": 3647,
      "definition": "380 Volts",
      "alias": "",
      "status": 2,
      "register_FK": 20,
      "combination_FK": 1374,
      "submittingMember_FK": 56,
      "reference": "",
      "similarityToSource": "Unspecified",
      "dateAccepted": "2026-01-29",
      "fc_FK": 9860
    },
    {
      "value_type": 0,
      "proposedChange": "Add new enumerate value.",
      "idx": 3610,
      "definition": "An international automatic direct-printing satellite-based service using Inmarsat C Enhanced Group Call (EGC) system for the promulgation of Maritime Safety Information (MSI), navigational and meteorological warnings, meteorological forecasts, Search and Rescue (SAR) related information and other urgent safety-related messages to ships.",
      "status": 2,
      "alias": "",
      "register_FK": 20,
      "proposalStatus": 3,
      "P_shortName": "IHO Hydro",
      "camelCase": "inmarsatSafetyNET",
      "remarks": "",
      "submittingMember_FK": 162,
      "similarityToSourceDefinition": "No change has been made to the specification.",
      "justification": "Required for S-123.",
      "proposalType": 1,
      "submitStatus": 1,
      "reference": "",
      "similarityToSource": "Unspecified",
      "organization": "IHO (WWNWS)",
      "dateAccepted": "2026-01-22",
      "referenceSource": "Unspecified",
      "name": "Inmarsat SafetyNET",
      "fc_FK": 9689,
      "dateProposed": "2026-01-20"
    },
    {
      "value_type": 0,
      "proposedChange": "Add new enumerate value.",
      "idx": 3611,
      "definition": "A service based on Iridium mobile-satellite system for the promulgation of Maritime Safety Information (MSI), navigational and meteorological warnings, meteorological forecasts, SAR-related information and other urgent safety-related messages to ships.",
      "status": 2,
      "alias": "",
      "register_FK": 20,
      "proposalStatus": 3,
      "P_shortName": "IHO Hydro",
      "camelCase": "iridiumSafetyCast",
      "remarks": "",
      "submittingMember_FK": 162,
      "similarityToSourceDefinition": "No change has been made to the specification.",
      "justification": "Required for S-123.",
      "proposalType": 1,
      "submitStatus": 1,
      "reference": "",
      "similarityToSource": "Unspecified",
      "organization": "IHO (WWNWS)",
      "dateAccepted": "2026-01-22",
      "referenceSource": "Unspecified",
      "name": "Iridium SafetyCast",
      "fc_FK": 9690,
      "dateProposed": "2026-01-20"
    },
    {
      "value_type": 0,
      "proposedChange": "Add new enumerate value.",
      "idx": 3612,
      "definition": "The type of Quality of Service (QoS) Flow or a QoS parameter that defines the minimum data rate that must be guaranteed for a specific service or traffic flow.",
      "status": 2,
      "alias": "",
      "register_FK": 20,
      "proposalStatus": 3,
      "P_shortName": "IHO Hydro",
      "camelCase": "guaranteedBitRate",
      "remarks": "",
      "submittingMember_FK": 162,
      "similarityToSourceDefinition": "No change has been made to the specification.",
      "justification": "Required for S-123.",
      "proposalType": 1,
      "submitStatus": 1,
      "reference": "",
      "similarityToSource": "Unspecified",
      "organization": "IHO (WWNWS)",
      "dateAccepted": "2026-01-22",
      "referenceSource": "Unspecified",
      "name": "Guaranteed Bit Rate",
      "fc_FK": 9698,
      "dateProposed": "2026-01-20"
    },
    {
      "value_type": 0,
      "proposedChange": "Add new enumerate value.",
      "idx": 3613,
      "definition": "The type of Quality of Service (QoS) Flow that does not provide the end-user a guaranteed flow bit rate,  typically used for non-time-sensitive applications, e.g., web browsing, buffered streaming, and instant messenger applications.",
      "status": 2,
      "alias": "",
      "register_FK": 20,
      "proposalStatus": 3,
      "P_shortName": "IHO Hydro",
      "camelCase": "nonGuaranteedBitRate",
      "remarks": "",
      "submittingMember_FK": 162,
      "similarityToSourceDefinition": "No change has been made to the specification.",
      "justification": "Required for S-123.",
      "proposalType": 1,
      "submitStatus": 1,
      "reference": "",
      "similarityToSource": "Unspecified",
      "organization": "IHO (WWNWS)",
      "dateAccepted": "2026-01-22",
      "referenceSource": "Unspecified",
      "name": "Non-Guaranteed Bit Rate",
      "fc_FK": 9699,
      "dateProposed": "2026-01-20"
    }
  ],
  "resultCode": "000",
  "resultMsg": "Success",
  "count": 5
}