{
  "data": [
    {
      "proposedChange": "Add new complex attribute.",
      "attributeTypeName": "complex",
      "proposalStatus": 3,
      "remarks": "",
      "camelCase": "areaA3ServiceDescription",
      "P_shortName": "IHO Hydro",
      "attributeType": 1,
      "justification": "Required for S-123.",
      "similarityToSourceDefinition": "No change has been made to the specification.",
      "proposalType": 1,
      "submitStatus": 1,
      "organization": "IHO (WWNWS)",
      "referenceSource": "Unspecified",
      "name": "Area A3 Service Description",
      "dateProposed": "2026-01-20",
      "idx": 1364,
      "definition": "Description of the radio service for area A3 of the Global Maritime Distress and Safety System (GMDSS).",
      "alias": "",
      "status": 2,
      "register_FK": 20,
      "submittingMember_FK": 162,
      "reference": "",
      "similarityToSource": "Unspecified",
      "dateAccepted": "2026-01-22",
      "fc_FK": 9426
    },
    {
      "proposedChange": "Add new complex attribute.",
      "attributeTypeName": "complex",
      "proposalStatus": 3,
      "remarks": "",
      "camelCase": "radiocommunicationIdentifier",
      "P_shortName": "IHO Hydro",
      "attributeType": 1,
      "justification": "Required for S-123.",
      "similarityToSourceDefinition": "No change has been made to the specification.",
      "proposalType": 1,
      "submitStatus": 1,
      "organization": "IHO (WWNWS)",
      "referenceSource": "Unspecified",
      "name": "Radiocommunication Identifier",
      "dateProposed": "2026-01-20",
      "idx": 1366,
      "definition": "Identifiers of the radio station in various maritime radiocommunication services.",
      "alias": "",
      "status": 2,
      "register_FK": 20,
      "submittingMember_FK": 162,
      "reference": "",
      "similarityToSource": "Unspecified",
      "dateAccepted": "2026-01-22",
      "fc_FK": 9431
    },
    {
      "proposedChange": "Add new complex attribute.",
      "attributeTypeName": "complex",
      "proposalStatus": 3,
      "remarks": "",
      "camelCase": "radioChannelDetails",
      "P_shortName": "IHO Hydro",
      "attributeType": 1,
      "justification": "Required for S-123.",
      "similarityToSourceDefinition": "No change has been made to the specification.",
      "proposalType": 1,
      "submitStatus": 1,
      "organization": "IHO (WWNWS)",
      "referenceSource": "Unspecified",
      "name": "Radio Channel Details",
      "dateProposed": "2026-01-20",
      "idx": 1367,
      "definition": "Details related to the radio channel used in the radio service.",
      "alias": "",
      "status": 2,
      "register_FK": 20,
      "submittingMember_FK": 162,
      "reference": "",
      "similarityToSource": "Unspecified",
      "dateAccepted": "2026-01-22",
      "fc_FK": 9430
    },
    {
      "proposedChange": "Add new complex attribute.",
      "attributeTypeName": "complex",
      "proposalStatus": 3,
      "remarks": "",
      "camelCase": "coverageIndication",
      "P_shortName": "IHO Hydro",
      "attributeType": 1,
      "justification": "Required for S-123.",
      "similarityToSourceDefinition": "No change has been made to the specification.",
      "proposalType": 1,
      "submitStatus": 1,
      "organization": "IHO (WWNWS)",
      "referenceSource": "Unspecified",
      "name": "Coverage Indication",
      "dateProposed": "2026-01-20",
      "idx": 1368,
      "definition": "Details related to the indication of the radio coverage.",
      "alias": "",
      "status": 2,
      "register_FK": 20,
      "submittingMember_FK": 162,
      "reference": "",
      "similarityToSource": "Unspecified",
      "dateAccepted": "2026-01-22",
      "fc_FK": 9428
    },
    {
      "proposedChange": "Add new complex attribute.",
      "attributeTypeName": "complex",
      "proposalStatus": 3,
      "remarks": "",
      "camelCase": "frequencyRange",
      "P_shortName": "IHO Hydro",
      "attributeType": 1,
      "justification": "Required for S-123.",
      "similarityToSourceDefinition": "No change has been made to the specification.",
      "proposalType": 1,
      "submitStatus": 1,
      "organization": "IHO (WWNWS)",
      "referenceSource": "Unspecified",
      "name": "Frequency Range",
      "dateProposed": "2026-01-20",
      "idx": 1369,
      "definition": "Frequency range of the electromagnetic spectrum in which the transmission is provided.",
      "alias": "",
      "status": 2,
      "register_FK": 20,
      "submittingMember_FK": 162,
      "reference": "",
      "similarityToSource": "Unspecified",
      "dateAccepted": "2026-01-22",
      "fc_FK": 9429
    },
    {
      "proposedChange": "Add new complex attribute.",
      "attributeTypeName": "complex",
      "proposalStatus": 3,
      "remarks": "",
      "camelCase": "broadcastContent",
      "P_shortName": "IHO Hydro",
      "attributeType": 1,
      "justification": "Required for S-123.",
      "similarityToSourceDefinition": "No change has been made to the specification.",
      "proposalType": 1,
      "submitStatus": 1,
      "organization": "IHO (WWNWS)",
      "referenceSource": "Unspecified",
      "name": "Broadcast Content",
      "dateProposed": "2026-01-20",
      "idx": 1370,
      "definition": "Details related to the content of the broadcast.",
      "alias": "",
      "status": 2,
      "register_FK": 20,
      "submittingMember_FK": 162,
      "reference": "",
      "similarityToSource": "Unspecified",
      "dateAccepted": "2026-01-22",
      "fc_FK": 9427
    },
    {
      "proposedChange": "new complex type",
      "attributeTypeName": "complex",
      "proposalStatus": 3,
      "remarks": "",
      "camelCase": "designation",
      "P_shortName": "IHO Hydro",
      "attributeType": 1,
      "justification": "for s-122",
      "similarityToSourceDefinition": "No change has been made to the specification.",
      "proposalType": 1,
      "submitStatus": 1,
      "organization": "IHO (TWCWG)",
      "referenceSource": "IHO Nautical Information Provision Working Group",
      "name": "Designation",
      "dateProposed": "2025-12-12",
      "idx": 1326,
      "definition": "An official name, title or description. This can be an identifier or an identifier which is an instance of a named designation scheme.",
      "alias": "",
      "status": 2,
      "register_FK": 20,
      "submittingMember_FK": 56,
      "reference": "",
      "similarityToSource": "Unspecified",
      "dateAccepted": "2025-12-14",
      "fc_FK": 9835
    },
    {
      "proposedChange": "Add sub-attributes as in the reference source (ISO 19115-1).",
      "referenceItem_FK": 243,
      "attributeTypeName": "complex",
      "proposalStatus": 3,
      "P_shortName": "IHO Hydro",
      "remarks": "",
      "camelCase": "onlineResource",
      "attributeType": 1,
      "justification": "For NIPWG S-127/S-131 Editions 2.0.0. Except for linkage, all the sub-attributes are optional and FCs for individual product specifications can bind only those needed in the product.",
      "similarityToSourceDefinition": "The specification includes information about its context that is not explicit in the specification in the external source.",
      "proposalType": 3,
      "submitStatus": 1,
      "organization": "IHO (TWCWG)",
      "referenceSource": "ISO 19115:2005, Geographic Information - Metadata",
      "name": "Online Resource",
      "dateProposed": "2025-10-06",
      "idx": 1321,
      "definition": "Information about online sources from which a resource or data can be obtained.",
      "alias": "",
      "status": 2,
      "register_FK": 20,
      "submittingMember_FK": 56,
      "reference": "2017",
      "similarityToSource": "Restyled",
      "dateAccepted": "2025-10-08",
      "fc_FK": 1388
    },
    {
      "proposedChange": "Define complex attribute as successor to legacy S-57 simple attribute, which has been retired",
      "attributeTypeName": "complex",
      "proposalStatus": 3,
      "remarks": "Content of featureName is source authority name.",
      "camelCase": "sourceIndication",
      "P_shortName": "IHO Hydro",
      "attributeType": 1,
      "justification": "For use by NIPWG Product Specifications, S-401, and S-130,, as agreed by NIPWG, IENC and S-130 project teams",
      "similarityToSourceDefinition": "The style of the definition has been changed to match the style and structure of other specifications in the register that has imported the specification.",
      "proposalType": 1,
      "submitStatus": 1,
      "organization": "IHO (TWCWG)",
      "referenceSource": "IHO Nautical Information Provision Working Group",
      "name": "Source Indication",
      "dateProposed": "2025-09-03",
      "idx": 1320,
      "definition": "Information about the source document, publication, or reference from which object data or textual material included or referenced in a dataset are derived.",
      "alias": "",
      "status": 2,
      "register_FK": 20,
      "submittingMember_FK": 56,
      "reference": "2018",
      "similarityToSource": "Identical",
      "dateAccepted": "2025-09-19",
      "fc_FK": 1736
    },
    {
      "proposedChange": "Addition",
      "attributeTypeName": "complex",
      "proposalStatus": 3,
      "remarks": "",
      "camelCase": "defaultLocale",
      "P_shortName": "IHO Hydro",
      "attributeType": 1,
      "justification": "Needed by S-128",
      "similarityToSourceDefinition": "No change has been made to the specification.",
      "proposalType": 1,
      "submitStatus": 1,
      "organization": "IHO (S-100WG)",
      "referenceSource": "Unspecified",
      "name": "Default Locale",
      "dateProposed": "2025-08-18",
      "idx": 1307,
      "definition": "Locale of an option that is selected automatically unless an alternative is specified.",
      "alias": "",
      "status": 2,
      "register_FK": 20,
      "submittingMember_FK": 317,
      "reference": "",
      "similarityToSource": "Unspecified",
      "dateAccepted": "2025-08-19",
      "fc_FK": 9222
    },
    {
      "proposedChange": "Addition",
      "attributeTypeName": "complex",
      "proposalStatus": 3,
      "remarks": "",
      "camelCase": "issuanceCycle",
      "P_shortName": "IHO Hydro",
      "attributeType": 1,
      "justification": "Needed by S-128",
      "similarityToSourceDefinition": "No change has been made to the specification.",
      "proposalType": 1,
      "submitStatus": 1,
      "organization": "IHO (S-100WG)",
      "referenceSource": "Unspecified",
      "name": "Issuance Cycle",
      "dateProposed": "2025-08-18",
      "idx": 1308,
      "definition": "The cycle of issuing a product or service.",
      "alias": "",
      "status": 2,
      "register_FK": 20,
      "submittingMember_FK": 317,
      "reference": "",
      "similarityToSource": "Unspecified",
      "dateAccepted": "2025-08-19",
      "fc_FK": 9250
    },
    {
      "proposedChange": "Addition",
      "attributeTypeName": "complex",
      "proposalStatus": 3,
      "remarks": "",
      "camelCase": "timeIntervalOfCycle",
      "P_shortName": "IHO Hydro",
      "attributeType": 1,
      "justification": "Needed by S-128",
      "similarityToSourceDefinition": "No change has been made to the specification.",
      "proposalType": 1,
      "submitStatus": 1,
      "organization": "IHO (S-100WG)",
      "referenceSource": "Unspecified",
      "name": "Time Interval Of Cycle",
      "dateProposed": "2025-08-18",
      "idx": 1309,
      "definition": "The temporal interval of the cycle over which data is produced.",
      "alias": "",
      "status": 2,
      "register_FK": 20,
      "submittingMember_FK": 317,
      "reference": "",
      "similarityToSource": "Unspecified",
      "dateAccepted": "2025-08-19",
      "fc_FK": 9313
    },
    {
      "proposedChange": "Addition",
      "attributeTypeName": "complex",
      "proposalStatus": 3,
      "remarks": "",
      "camelCase": "pricing",
      "P_shortName": "IHO Hydro",
      "attributeType": 1,
      "justification": "Needed by S-128",
      "similarityToSourceDefinition": "No change has been made to the specification.",
      "proposalType": 1,
      "submitStatus": 1,
      "organization": "IHO (S-100WG)",
      "referenceSource": "Unspecified",
      "name": "Pricing",
      "dateProposed": "2025-08-18",
      "idx": 1310,
      "definition": "A decision or establishment of a price.",
      "alias": "",
      "status": 2,
      "register_FK": 20,
      "submittingMember_FK": 317,
      "reference": "",
      "similarityToSource": "Unspecified",
      "dateAccepted": "2025-08-19",
      "fc_FK": 9260
    },
    {
      "proposedChange": "Addition",
      "attributeTypeName": "complex",
      "proposalStatus": 3,
      "remarks": "",
      "camelCase": "printSize",
      "P_shortName": "IHO Hydro",
      "attributeType": 1,
      "justification": "Needed by S-128",
      "similarityToSourceDefinition": "No change has been made to the specification.",
      "proposalType": 1,
      "submitStatus": 1,
      "organization": "IHO (S-100WG)",
      "referenceSource": "Unspecified",
      "name": "Print Size",
      "dateProposed": "2025-08-18",
      "idx": 1311,
      "definition": "Size of nautical paper charts.",
      "alias": "",
      "status": 2,
      "register_FK": 20,
      "submittingMember_FK": 317,
      "reference": "",
      "similarityToSource": "Unspecified",
      "dateAccepted": "2025-08-19",
      "fc_FK": 9264
    },
    {
      "proposedChange": "Addition",
      "attributeTypeName": "complex",
      "proposalStatus": 3,
      "remarks": "",
      "camelCase": "printInformation",
      "P_shortName": "IHO Hydro",
      "attributeType": 1,
      "justification": "Needed by S-128",
      "similarityToSourceDefinition": "No change has been made to the specification.",
      "proposalType": 1,
      "submitStatus": 1,
      "organization": "IHO (S-100WG)",
      "referenceSource": "Unspecified",
      "name": "Print Information",
      "dateProposed": "2025-08-18",
      "idx": 1312,
      "definition": "Information on the printing of nautical paper charts.",
      "alias": "",
      "status": 2,
      "register_FK": 20,
      "submittingMember_FK": 317,
      "reference": "",
      "similarityToSource": "Unspecified",
      "dateAccepted": "2025-08-19",
      "fc_FK": 9262
    },
    {
      "proposedChange": "Addition",
      "attributeTypeName": "complex",
      "proposalStatus": 3,
      "remarks": "",
      "camelCase": "productSpecification",
      "P_shortName": "IHO Hydro",
      "attributeType": 1,
      "justification": "Needed by S-128",
      "similarityToSourceDefinition": "No change has been made to the specification.",
      "proposalType": 1,
      "submitStatus": 1,
      "organization": "IHO (S-100WG)",
      "referenceSource": "Unspecified",
      "name": "Product Specification",
      "dateProposed": "2025-08-18",
      "idx": 1313,
      "definition": "The name of the product specification to which a nautical product adheres.",
      "alias": "",
      "status": 2,
      "register_FK": 20,
      "submittingMember_FK": 317,
      "reference": "",
      "similarityToSource": "Unspecified",
      "dateAccepted": "2025-08-19",
      "fc_FK": 9267
    },
    {
      "proposedChange": "Addition",
      "attributeTypeName": "complex",
      "proposalStatus": 3,
      "remarks": "",
      "camelCase": "referenceToNM",
      "P_shortName": "IHO Hydro",
      "attributeType": 1,
      "justification": "Needed by S-128",
      "similarityToSourceDefinition": "No change has been made to the specification.",
      "proposalType": 1,
      "submitStatus": 1,
      "organization": "IHO (S-100WG)",
      "referenceSource": "Unspecified",
      "name": "Reference To NM",
      "dateProposed": "2025-08-18",
      "idx": 1314,
      "definition": "A reference to a of specific Notice to Mariners.",
      "alias": "",
      "status": 2,
      "register_FK": 20,
      "submittingMember_FK": 317,
      "reference": "",
      "similarityToSource": "Unspecified",
      "dateAccepted": "2025-08-19",
      "fc_FK": 9272
    },
    {
      "proposedChange": "Addition",
      "attributeTypeName": "complex",
      "proposalStatus": 3,
      "remarks": "",
      "camelCase": "weekOfYear",
      "P_shortName": "IHO Hydro",
      "attributeType": 1,
      "justification": "Needed by S-128",
      "similarityToSourceDefinition": "No change has been made to the specification.",
      "proposalType": 1,
      "submitStatus": 1,
      "organization": "IHO (S-100WG)",
      "referenceSource": "Unspecified",
      "name": "Week Of Year",
      "dateProposed": "2025-08-18",
      "idx": 1315,
      "definition": "The indication of a specific week within a specific year.",
      "alias": "",
      "status": 2,
      "register_FK": 20,
      "submittingMember_FK": 317,
      "reference": "",
      "similarityToSource": "Unspecified",
      "dateAccepted": "2025-08-19",
      "fc_FK": 9331
    },
    {
      "proposedChange": "Addition",
      "attributeTypeName": "complex",
      "proposalStatus": 3,
      "remarks": "",
      "camelCase": "serviceSpecification",
      "P_shortName": "IHO Hydro",
      "attributeType": 1,
      "justification": "Needed by S-128",
      "similarityToSourceDefinition": "No change has been made to the specification.",
      "proposalType": 1,
      "submitStatus": 1,
      "organization": "IHO (S-100WG)",
      "referenceSource": "Unspecified",
      "name": "Service Specification",
      "dateProposed": "2025-08-18",
      "idx": 1316,
      "definition": "The name of the (product) specification to which a nautical service adheres.",
      "alias": "",
      "status": 2,
      "register_FK": 20,
      "submittingMember_FK": 317,
      "reference": "",
      "similarityToSource": "Unspecified",
      "dateAccepted": "2025-08-19",
      "fc_FK": 9274
    },
    {
      "proposedChange": "Addition",
      "attributeTypeName": "complex",
      "proposalStatus": 3,
      "remarks": "",
      "camelCase": "supportFileSpecification",
      "P_shortName": "IHO Hydro",
      "attributeType": 1,
      "justification": "needed by S-128",
      "similarityToSourceDefinition": "No change has been made to the specification.",
      "proposalType": 1,
      "submitStatus": 1,
      "organization": "IHO (S-100WG)",
      "referenceSource": "Unspecified",
      "name": "Support File Specification",
      "dateProposed": "2025-08-18",
      "idx": 1317,
      "definition": "The name of the product specification to which a support file adheres.",
      "alias": "",
      "status": 2,
      "register_FK": 20,
      "submittingMember_FK": 317,
      "reference": "",
      "similarityToSource": "Unspecified",
      "dateAccepted": "2025-08-19",
      "fc_FK": 9300
    },
    {
      "proposedChange": "Addition",
      "attributeTypeName": "complex",
      "proposalStatus": 3,
      "remarks": "",
      "camelCase": "timeIntervalOfProduct",
      "P_shortName": "IHO Hydro",
      "attributeType": 1,
      "justification": "Needed by S-128",
      "similarityToSourceDefinition": "No change has been made to the specification.",
      "proposalType": 1,
      "submitStatus": 1,
      "organization": "IHO (S-100WG)",
      "referenceSource": "Unspecified",
      "name": "Time Interval Of Product",
      "dateProposed": "2025-08-18",
      "idx": 1318,
      "definition": "The temporal interval over which the product is updated or renewed.",
      "alias": "",
      "status": 2,
      "register_FK": 20,
      "submittingMember_FK": 317,
      "reference": "",
      "similarityToSource": "Unspecified",
      "dateAccepted": "2025-08-19",
      "fc_FK": 9314
    },
    {
      "proposedChange": "Addition",
      "attributeTypeName": "complex",
      "proposalStatus": 3,
      "remarks": "",
      "camelCase": "customPaperSize",
      "P_shortName": "IHO Hydro",
      "attributeType": 1,
      "justification": "S-128",
      "similarityToSourceDefinition": "No change has been made to the specification.",
      "proposalType": 1,
      "submitStatus": 1,
      "organization": "IHO (S-100WG)",
      "referenceSource": "Unspecified",
      "name": "Custom Paper Size",
      "dateProposed": "2025-05-20",
      "idx": 1261,
      "definition": "User specified paper size width x, height y",
      "alias": "",
      "status": 2,
      "register_FK": 20,
      "submittingMember_FK": 317,
      "reference": "",
      "similarityToSource": "Unspecified",
      "dateAccepted": "2025-05-21",
      "fc_FK": 9220
    },
    {
      "proposedChange": "Removed sub-attribute displayName. Added sub-attribute nameUsage.",
      "referenceItem_FK": 1129,
      "attributeTypeName": "complex",
      "proposalStatus": 3,
      "P_shortName": "IHO Hydro",
      "remarks": "",
      "camelCase": "featureName",
      "attributeType": 1,
      "justification": "Required for S-101 Edition 2.0.0. Rationalization of encoding of names in multiple languages.",
      "similarityToSourceDefinition": "The specification includes information about its context that is not explicit in the specification in the external source.",
      "proposalType": 3,
      "submitStatus": 1,
      "organization": "IHO Secretariat",
      "referenceSource": "S-101 IHO Electronic Navigational Chart Product Specification",
      "name": "Feature Name",
      "dateProposed": "2024-12-19",
      "idx": 1253,
      "definition": "Provides the name of an entity, defines the national language of the name, and provides the option to display the name at various system display settings.",
      "alias": "",
      "status": 2,
      "register_FK": 20,
      "submittingMember_FK": 64,
      "reference": "Edition 1.0.0, clause 20.2",
      "similarityToSource": "Restyled",
      "dateAccepted": "2024-12-19",
      "fc_FK": 140
    },
    {
      "proposedChange": "Add new sub attribute.",
      "referenceItem_FK": 1100,
      "attributeTypeName": "complex",
      "proposalStatus": 3,
      "P_shortName": "IHO Hydro",
      "remarks": "",
      "camelCase": "featureReference",
      "attributeType": 1,
      "justification": "Required for S-124.",
      "similarityToSourceDefinition": "The style of the definition has been changed to match the style and structure of other specifications in the register that has imported the specification.",
      "proposalType": 3,
      "submitStatus": 1,
      "organization": "IHO (WWNWS)",
      "referenceSource": "S-412 WMO Weather Product Specification",
      "name": "Feature Reference",
      "dateProposed": "2024-12-02",
      "idx": 1252,
      "definition": "Reference to an object or feature that is external to the dataset.",
      "alias": "",
      "status": 2,
      "register_FK": 20,
      "submittingMember_FK": 162,
      "reference": "2018",
      "similarityToSource": "Identical",
      "dateAccepted": "2024-12-02",
      "fc_FK": 2417
    },
    {
      "proposedChange": "addition for S-130 Product Specification",
      "attributeTypeName": "complex",
      "proposalStatus": 3,
      "remarks": "",
      "camelCase": "locationReference",
      "P_shortName": "IHO Hydro",
      "attributeType": 1,
      "justification": "addition for S-130 Product Specification",
      "similarityToSourceDefinition": "No change has been made to the specification.",
      "proposalType": 1,
      "submitStatus": 1,
      "organization": "IHO Secretariat",
      "referenceSource": "Unspecified",
      "name": "Location Reference",
      "dateProposed": "2024-11-25",
      "idx": 1250,
      "definition": "Comprehensive description of a geographic location through textual elements and/or geospatial coordinates.",
      "alias": "",
      "status": 2,
      "register_FK": 20,
      "submittingMember_FK": 11,
      "reference": "",
      "similarityToSource": "Unspecified",
      "dateAccepted": "2024-11-25",
      "fc_FK": 9145
    },
    {
      "proposedChange": "adjusted subattributes",
      "referenceItem_FK": 1087,
      "attributeTypeName": "complex",
      "proposalStatus": 3,
      "P_shortName": "IHO Hydro",
      "remarks": "",
      "camelCase": "messageSeriesIdentifier",
      "attributeType": 1,
      "justification": "Required for S-124 candidate Ed. 2.0.0",
      "similarityToSourceDefinition": "The style of the definition has been changed to match the style and structure of other specifications in the register that has imported the specification.",
      "proposalType": 3,
      "submitStatus": 1,
      "organization": "IHO (WWNWS)",
      "referenceSource": "IHO WWNWS-SC",
      "name": "Message Series Identifier",
      "dateProposed": "2024-11-01",
      "idx": 1243,
      "definition": "Message series identification of the warning or notice.",
      "alias": "",
      "status": 2,
      "register_FK": 20,
      "submittingMember_FK": 162,
      "reference": "",
      "similarityToSource": "Identical",
      "dateAccepted": "2024-11-07",
      "fc_FK": 7444
    },
    {
      "proposedChange": "Add two sub-attributes.",
      "referenceItem_FK": 798,
      "attributeTypeName": "complex",
      "proposalStatus": 3,
      "P_shortName": "IHO Hydro",
      "remarks": "Dates must be encoded in the format YYYYMMDD; using 4 digits for the calendar year (YYYY) and, optionally, 2 digits for the month (MM) (for example April = 04) and 2 digits for the day (DD). When no specific month and/or day is required/known, the values are replaced with dashes (-). The date range of a recurring event or occurrence must be encoded using periodicDateRange.",
      "camelCase": "fixedDateRange",
      "attributeType": 1,
      "justification": "Required for S-124.",
      "similarityToSourceDefinition": "The style of the definition has been changed to match the style and structure of other specifications in the register that has imported the specification.",
      "proposalType": 3,
      "submitStatus": 1,
      "organization": "IHO (WWNWS)",
      "referenceSource": "S-101 IHO Electronic Navigational Chart Product Specification",
      "name": "Fixed Date Range",
      "dateProposed": "2024-09-05",
      "idx": 1241,
      "definition": "An active period of a single fixed event or occurrence, as the date range between discrete start and end dates.",
      "alias": "",
      "status": 2,
      "register_FK": 20,
      "submittingMember_FK": 162,
      "reference": "Edition 1.0.0, Clause 29.4",
      "similarityToSource": "Identical",
      "dateAccepted": "2024-09-06",
      "fc_FK": 1218
    },
    {
      "proposedChange": "Add new mandatory sub-attribute verticalClearanceUnlimited.",
      "referenceItem_FK": 264,
      "attributeTypeName": "complex",
      "proposalStatus": 3,
      "P_shortName": "IHO Hydro",
      "remarks": "",
      "camelCase": "verticalClearanceOpen",
      "attributeType": 1,
      "justification": "Required for S-101 Edition 1.2.0.",
      "similarityToSourceDefinition": "The specification includes information about its context that is not explicit in the specification in the external source.",
      "proposalType": 3,
      "submitStatus": 1,
      "organization": "IHO Secretariat",
      "referenceSource": "IHO Transfer Standard for Digital Hydrographic Data, Appendix A: Object Catalogue - Description of the Feature Coding Schema to be Used for Hydrographic Requirements",
      "name": "Vertical Clearance Open",
      "s4": "B-381.3;",
      "dateProposed": "2023-10-23",
      "idx": 1133,
      "definition": "The vertical clearance of a feature in opened condition (for example an open lifting bridge) measured from the horizontal plane towards the feature overhead.",
      "alias": "VERCOP",
      "status": 2,
      "register_FK": 20,
      "submittingMember_FK": 64,
      "int1": "D 23.3;",
      "reference": "Chapter 2, page 2.236",
      "similarityToSource": "Restyled",
      "dateAccepted": "2023-10-24",
      "fc_FK": 406
    },
    {
      "proposedChange": "Amend multiplicity of attribute language from [0..1] to [1..1].",
      "referenceItem_FK": 234,
      "attributeTypeName": "complex",
      "proposalStatus": 3,
      "P_shortName": "IHO Hydro",
      "remarks": "At least one of the sub-attributes file reference or text must be populated.The sub-attribute file reference is generally used for long text strings or those that require formatting, however, there is no restriction on the type of text (except for lexical level) that can be held in files referenced by sub-attribute file reference.",
      "camelCase": "information",
      "attributeType": 1,
      "justification": "Required for S-101 Edition 1.2.0. Rationalization of encoding of information in national languages.",
      "similarityToSourceDefinition": "The specification includes information about its context that is not explicit in the specification in the external source.",
      "proposalType": 2,
      "submitStatus": 1,
      "organization": "IHO Secretariat",
      "referenceSource": "IHO Transfer Standard for Digital Hydrographic Data, Appendix A: Object Catalogue - Description of the Feature Coding Schema to be Used for Hydrographic Requirements",
      "name": "Information",
      "dateProposed": "2023-10-20",
      "idx": 1130,
      "definition": "Textual information about the feature. The information may be provided as a string of text or as a file name of a single external text file that contains the text.",
      "alias": "INFORM",
      "status": 2,
      "register_FK": 20,
      "submittingMember_FK": 64,
      "reference": "Chapter 2, Pages 2.141 and 2.209",
      "similarityToSource": "Restyled",
      "dateAccepted": "2023-10-23",
      "fc_FK": 1420
    },
    {
      "proposedChange": "Amend multiplicity of sub-attribute colour from [0..1] to 0..]*. Add colourPattern as a sub-attribute.",
      "referenceItem_FK": 1120,
      "attributeTypeName": "complex",
      "proposalStatus": 3,
      "P_shortName": "IHO Hydro",
      "remarks": "",
      "camelCase": "topmark",
      "attributeType": 1,
      "justification": "Remodeling of topmark complex to allow for multiple colours of topmarks to be encoded (S-101).",
      "similarityToSourceDefinition": "The style of the definition has been changed to match the style and structure of other specifications in the register that has imported the specification.",
      "proposalType": 2,
      "submitStatus": 1,
      "organization": "IHO Secretariat",
      "referenceSource": "Hydrographic Dictionary, Part I Volume I, English",
      "name": "Topmark",
      "s4": "B-463;",
      "dateProposed": "2023-10-20",
      "idx": 1131,
      "definition": "A characteristic shape secured at the top of a buoy or beacon to aid in its identification.",
      "alias": "TOPMAR",
      "status": 2,
      "register_FK": 20,
      "submittingMember_FK": 64,
      "int1": "Q 9;",
      "reference": "https://portal.iho.int/iho-ohi/S32/engView.php?page=14&quick_filter=topmark&quick_filter_operator=Equals",
      "similarityToSource": "Identical",
      "dateAccepted": "2023-10-23",
      "fc_FK": 1160
    },
    {
      "proposedChange": "Add speedUnits as a mandatory sub-attribute.",
      "referenceItem_FK": 266,
      "attributeTypeName": "complex",
      "proposalStatus": 3,
      "P_shortName": "IHO Hydro",
      "remarks": "",
      "camelCase": "vesselSpeedLimit",
      "attributeType": 1,
      "justification": "Required for S-101 Edition 1.2.0.",
      "similarityToSourceDefinition": "The style of the definition has been changed to match the style and structure of other specifications in the register that has imported the specification.",
      "proposalType": 3,
      "submitStatus": 1,
      "organization": "IHO Secretariat",
      "referenceSource": "S-101 IHO Electronic Navigational Chart Product Specification",
      "name": "Vessel Speed Limit",
      "dateProposed": "2023-10-23",
      "idx": 1132,
      "definition": "The maximum allowed rate of travel for a vessel in an area.",
      "alias": "",
      "status": 2,
      "register_FK": 20,
      "submittingMember_FK": 64,
      "reference": "Edition 2.1.0, clause 29.41",
      "similarityToSource": "Identical",
      "dateAccepted": "2023-10-23",
      "fc_FK": 9349
    },
    {
      "proposedChange": "Restructure complex attribute (new sub-attribute referenceDirection.",
      "referenceItem_FK": 260,
      "attributeTypeName": "complex",
      "proposalStatus": 3,
      "P_shortName": "IHO Hydro",
      "remarks": "",
      "camelCase": "valueOfLocalMagneticAnomaly",
      "attributeType": 1,
      "justification": "Required for S-101 (Edition 1.1.0).",
      "similarityToSourceDefinition": "The specification includes information about its context that is not explicit in the specification in the external source.",
      "proposalType": 3,
      "submitStatus": 1,
      "organization": "IHO Secretariat",
      "referenceSource": "IHO Transfer Standard for Digital Hydrographic Data, Appendix A: Object Catalogue - Description of the Feature Coding Schema to be Used for Hydrographic Requirements",
      "name": "Value of Local Magnetic Anomaly",
      "dateProposed": "2022-12-16",
      "idx": 1107,
      "definition": "The value of the deviation from the normal magnetic variation and where required its direction.",
      "alias": "",
      "status": 2,
      "register_FK": 20,
      "submittingMember_FK": 64,
      "reference": "Chapter 2, page 2.228",
      "similarityToSource": "Restyled",
      "dateAccepted": "2022-12-16",
      "fc_FK": 8667
    },
    {
      "proposedChange": "Addition of the complex attribute for the IENC Domain",
      "attributeTypeName": "complex",
      "proposalStatus": 3,
      "remarks": "",
      "camelCase": "powerCharacteristics",
      "P_shortName": "Inland ENC",
      "attributeType": 1,
      "justification": "The proposed complex attribute describes more accurately the power available on shore",
      "similarityToSourceDefinition": "No change has been made to the specification.",
      "proposalType": 1,
      "submitStatus": 1,
      "organization": "IENC",
      "referenceSource": "Inland ENC Harmonization Group",
      "name": "Power Characteristics",
      "dateProposed": "2022-09-09",
      "idx": 1101,
      "definition": "Characteristics of the power supply available",
      "alias": "",
      "status": 2,
      "register_FK": 19,
      "submittingMember_FK": 82,
      "reference": "",
      "similarityToSource": "Unspecified",
      "dateAccepted": "2022-09-12",
      "fc_FK": 8417
    },
    {
      "proposedChange": "Add new complex attribute.",
      "attributeTypeName": "complex",
      "proposalStatus": 3,
      "remarks": "",
      "camelCase": "affectedChartPublications",
      "P_shortName": "IHO Hydro",
      "attributeType": 1,
      "justification": "Required for S-124.",
      "similarityToSourceDefinition": "The style of the definition has been changed to match the style and structure of other specifications in the register that has imported the specification.",
      "proposalType": 1,
      "submitStatus": 1,
      "organization": "IHO (WWNWS)",
      "referenceSource": "IHO WWNWS-SC",
      "name": "Affected Chart Publications",
      "dateProposed": "2022-08-16",
      "idx": 1097,
      "definition": "Identifies paper charts, ENCs or publications that are affected by the information.",
      "alias": "",
      "status": 2,
      "register_FK": 20,
      "submittingMember_FK": 162,
      "reference": "",
      "similarityToSource": "Identical",
      "dateAccepted": "2022-08-18",
      "fc_FK": 7435
    },
    {
      "proposedChange": "Add new complex attribute.",
      "attributeTypeName": "complex",
      "proposalStatus": 3,
      "remarks": "",
      "camelCase": "generalArea",
      "P_shortName": "IHO Hydro",
      "attributeType": 1,
      "justification": "Required for S-124.",
      "similarityToSourceDefinition": "The specification includes information about its context that is not explicit in the specification in the external source.",
      "proposalType": 1,
      "submitStatus": 1,
      "organization": "IHO (WWNWS)",
      "referenceSource": "IHO/IMO/WMO S-53",
      "name": "General Area",
      "dateProposed": "2022-08-16",
      "idx": 1098,
      "definition": "The general area used to identify which broad geographic region the message affects. The geographical name which is selected for the general area should be one that can be found on charts and in nautical publications. (S-53, 6).",
      "alias": "",
      "status": 2,
      "register_FK": 20,
      "submittingMember_FK": 162,
      "reference": "",
      "similarityToSource": "Restyled",
      "dateAccepted": "2022-08-18",
      "fc_FK": 7430
    },
    {
      "proposedChange": "Add new complex attribute.",
      "attributeTypeName": "complex",
      "proposalStatus": 3,
      "remarks": "",
      "camelCase": "locality",
      "P_shortName": "IHO Hydro",
      "attributeType": 1,
      "justification": "Required for S-124.",
      "similarityToSourceDefinition": "The style of the definition has been changed to match the style and structure of other specifications in the register that has imported the specification.",
      "proposalType": 1,
      "submitStatus": 1,
      "organization": "IHO (WWNWS)",
      "referenceSource": "IHO WWNWS-SC",
      "name": "Locality",
      "dateProposed": "2022-08-16",
      "idx": 1099,
      "definition": "Name and/or identifier of an area locality.",
      "alias": "",
      "status": 2,
      "register_FK": 20,
      "submittingMember_FK": 162,
      "reference": "",
      "similarityToSource": "Identical",
      "dateAccepted": "2022-08-18",
      "fc_FK": 7433
    },
    {
      "proposedChange": "Add new complex attribute.",
      "attributeTypeName": "complex",
      "proposalStatus": 3,
      "remarks": "",
      "camelCase": "chartAffected",
      "P_shortName": "IHO Hydro",
      "attributeType": 1,
      "justification": "Required for S-124.",
      "similarityToSourceDefinition": "No change has been made to the specification.",
      "proposalType": 1,
      "submitStatus": 1,
      "organization": "IHO (WWNWS)",
      "referenceSource": "IHO WWNWS-SC",
      "name": "Chart Affected",
      "dateProposed": "2022-08-12",
      "idx": 1086,
      "definition": "Name or number of affected national paper chart or ENC.",
      "alias": "",
      "status": 2,
      "register_FK": 20,
      "submittingMember_FK": 162,
      "reference": "",
      "similarityToSource": "Unspecified",
      "dateAccepted": "2022-08-16",
      "fc_FK": 8282
    },
    {
      "proposedChange": "Add new complex attribute.",
      "attributeTypeName": "complex",
      "proposalStatus": 3,
      "remarks": "",
      "camelCase": "locationName",
      "P_shortName": "IHO Hydro",
      "attributeType": 1,
      "justification": "Required for S-124.",
      "similarityToSourceDefinition": "The style of the definition has been changed to match the style and structure of other specifications in the register that has imported the specification.",
      "proposalType": 1,
      "submitStatus": 1,
      "organization": "IHO (WWNWS)",
      "referenceSource": "IHO WWNWS-SC",
      "name": "Location Name",
      "dateProposed": "2022-08-12",
      "idx": 1088,
      "definition": "Name of an area locality as defined by a competent authority.",
      "alias": "",
      "status": 2,
      "register_FK": 20,
      "submittingMember_FK": 162,
      "reference": "",
      "similarityToSource": "Identical",
      "dateAccepted": "2022-08-16",
      "fc_FK": 7432
    },
    {
      "proposedChange": "Add new complex attribute.",
      "attributeTypeName": "complex",
      "proposalStatus": 3,
      "remarks": "",
      "camelCase": "navwarnTitle",
      "P_shortName": "IHO Hydro",
      "attributeType": 1,
      "justification": "Required for S-124.",
      "similarityToSourceDefinition": "The style of the definition has been changed to match the style and structure of other specifications in the register that has imported the specification.",
      "proposalType": 1,
      "submitStatus": 1,
      "organization": "IHO (WWNWS)",
      "referenceSource": "IHO WWNWS-SC",
      "name": "NAVWARN Title",
      "dateProposed": "2022-08-12",
      "idx": 1089,
      "definition": "Title of the navigational warning.",
      "alias": "",
      "status": 2,
      "register_FK": 20,
      "submittingMember_FK": 162,
      "reference": "",
      "similarityToSource": "Identical",
      "dateAccepted": "2022-08-16",
      "fc_FK": 9138
    },
    {
      "proposedChange": "Add new complex attribute.",
      "attributeTypeName": "complex",
      "proposalStatus": 3,
      "remarks": "",
      "camelCase": "sourceAuthority",
      "P_shortName": "IHO Hydro",
      "attributeType": 1,
      "justification": "Required for S-124.",
      "similarityToSourceDefinition": "The style of the definition has been changed to match the style and structure of other specifications in the register that has imported the specification.",
      "proposalType": 1,
      "submitStatus": 1,
      "organization": "IHO (WWNWS)",
      "referenceSource": "IHO WWNWS-SC",
      "name": "Source Authority",
      "dateProposed": "2022-08-12",
      "idx": 1090,
      "definition": "Publication, organization, person or other entity that is the source of information.",
      "alias": "",
      "status": 2,
      "register_FK": 20,
      "submittingMember_FK": 162,
      "reference": "",
      "similarityToSource": "Identical",
      "dateAccepted": "2022-08-16",
      "fc_FK": 7434
    },
    {
      "proposedChange": "Add new complex attribute.",
      "attributeTypeName": "complex",
      "proposalStatus": 3,
      "remarks": "",
      "camelCase": "warningInformation",
      "P_shortName": "IHO Hydro",
      "attributeType": 1,
      "justification": "Required for S-124.",
      "similarityToSourceDefinition": "The style of the definition has been changed to match the style and structure of other specifications in the register that has imported the specification.",
      "proposalType": 1,
      "submitStatus": 1,
      "organization": "IHO (WWNWS)",
      "referenceSource": "IHO WWNWS-SC",
      "name": "Warning Information",
      "dateProposed": "2022-08-12",
      "idx": 1091,
      "definition": "Detailed information about a warning.",
      "alias": "",
      "status": 2,
      "register_FK": 20,
      "submittingMember_FK": 162,
      "reference": "",
      "similarityToSource": "Identical",
      "dateAccepted": "2022-08-16",
      "fc_FK": 7422
    },
    {
      "proposedChange": "Add new complex attribute.",
      "attributeTypeName": "complex",
      "proposalStatus": 3,
      "remarks": "",
      "camelCase": "eNCFeatureReference",
      "P_shortName": "IHO Hydro",
      "attributeType": 1,
      "justification": "Required for S-124.",
      "similarityToSourceDefinition": "The style of the definition has been changed to match the style and structure of other specifications in the register that has imported the specification.",
      "proposalType": 1,
      "submitStatus": 1,
      "organization": "IHO (WWNWS)",
      "referenceSource": "IHO WWNWS-SC",
      "name": "ENC Feature Reference",
      "dateProposed": "2022-08-12",
      "idx": 1092,
      "definition": "Reference to feature(s) in an ENC dataset.",
      "alias": "",
      "status": 2,
      "register_FK": 20,
      "submittingMember_FK": 162,
      "reference": "",
      "similarityToSource": "Identical",
      "dateAccepted": "2022-08-16",
      "fc_FK": 7429
    },
    {
      "proposedChange": "New",
      "attributeTypeName": "complex",
      "proposalStatus": 3,
      "remarks": "Textual or narrative description of cargo services.",
      "camelCase": "cargoServicesDescription",
      "P_shortName": "IHO Hydro",
      "attributeType": 1,
      "justification": "For S-131",
      "similarityToSourceDefinition": "The specification includes information about its context that is not explicit in the specification in the external source.",
      "proposalType": 1,
      "submitStatus": 1,
      "organization": "IHO (TWCWG)",
      "referenceSource": "International Task Force Port Call Optimization",
      "name": "Cargo Services Description",
      "dateProposed": "2022-08-02",
      "idx": 1045,
      "definition": "Description of services related to the goods or items carried by vessels.",
      "alias": "",
      "status": 2,
      "register_FK": 20,
      "submittingMember_FK": 56,
      "reference": "",
      "similarityToSource": "Restyled",
      "dateAccepted": "2022-08-03",
      "fc_FK": 8354
    },
    {
      "proposedChange": "New",
      "attributeTypeName": "complex",
      "proposalStatus": 3,
      "remarks": "",
      "camelCase": "constructionInformation",
      "P_shortName": "IHO Hydro",
      "attributeType": 1,
      "justification": "For S-131",
      "similarityToSourceDefinition": "No change has been made to the specification.",
      "proposalType": 1,
      "submitStatus": 1,
      "organization": "IHO (TWCWG)",
      "referenceSource": "IHO Nautical Information Provision Working Group",
      "name": "Construction Information",
      "dateProposed": "2022-08-02",
      "idx": 1046,
      "definition": "A description of construction or other development in a location where the work will affect vessel operations such as navigation, maneuvering or docking/berthing.",
      "alias": "Development Information",
      "status": 2,
      "register_FK": 20,
      "submittingMember_FK": 56,
      "reference": "",
      "similarityToSource": "Unspecified",
      "dateAccepted": "2022-08-03",
      "fc_FK": 8274
    },
    {
      "proposedChange": "New",
      "attributeTypeName": "complex",
      "proposalStatus": 3,
      "remarks": "",
      "camelCase": "depthsDescription",
      "P_shortName": "IHO Hydro",
      "attributeType": 1,
      "justification": "For S-131",
      "similarityToSourceDefinition": "No change has been made to the specification.",
      "proposalType": 1,
      "submitStatus": 1,
      "organization": "IHO (TWCWG)",
      "referenceSource": "IHO Nautical Information Provision Working Group",
      "name": "Depths Description",
      "dateProposed": "2022-08-02",
      "idx": 1047,
      "definition": "Textual description of the characteristics and notable matters pertaining to depths in an area.",
      "alias": "",
      "status": 2,
      "register_FK": 20,
      "submittingMember_FK": 56,
      "reference": "",
      "similarityToSource": "Unspecified",
      "dateAccepted": "2022-08-03",
      "fc_FK": 8271
    },
    {
      "proposedChange": "New",
      "attributeTypeName": "complex",
      "proposalStatus": 3,
      "remarks": "",
      "camelCase": "facilitiesLayoutDescription",
      "P_shortName": "IHO Hydro",
      "attributeType": 1,
      "justification": "For S-131",
      "similarityToSourceDefinition": "No change has been made to the specification.",
      "proposalType": 1,
      "submitStatus": 1,
      "organization": "IHO (TWCWG)",
      "referenceSource": "IHO Nautical Information Provision Working Group",
      "name": "Facilities Layout Description",
      "dateProposed": "2022-08-02",
      "idx": 1048,
      "definition": "Textual description of the layout of port facilities.",
      "alias": "",
      "status": 2,
      "register_FK": 20,
      "submittingMember_FK": 56,
      "reference": "",
      "similarityToSource": "Unspecified",
      "dateAccepted": "2022-08-03",
      "fc_FK": 8275
    },
    {
      "proposedChange": "New",
      "attributeTypeName": "complex",
      "proposalStatus": 3,
      "remarks": "General statement about the port, including social/political aspects, which could have an impact on the mariner’s/company’s safety or professional reputation. The information covered by this should be confined to information not contained in any other place in the data.",
      "camelCase": "generalPortDescription",
      "P_shortName": "IHO Hydro",
      "attributeType": 1,
      "justification": "for s-131",
      "similarityToSourceDefinition": "The specification of the register item has been generalized to have a broader meaning than the item defined in the external source.",
      "proposalType": 1,
      "submitStatus": 1,
      "organization": "IHO (TWCWG)",
      "referenceSource": "Port Information Manual",
      "name": "General Port Description",
      "dateProposed": "2022-08-02",
      "idx": 1049,
      "definition": "General, introductory information about the port.",
      "alias": "General Harbour Description",
      "status": 2,
      "register_FK": 20,
      "submittingMember_FK": 56,
      "reference": "",
      "similarityToSource": "Context Added",
      "dateAccepted": "2022-08-03",
      "fc_FK": 8280
    },
    {
      "proposedChange": "new",
      "attributeTypeName": "complex",
      "proposalStatus": 3,
      "remarks": "",
      "camelCase": "landmarkDescription",
      "P_shortName": "IHO Hydro",
      "attributeType": 1,
      "justification": "for s-131",
      "similarityToSourceDefinition": "No change has been made to the specification.",
      "proposalType": 1,
      "submitStatus": 1,
      "organization": "IHO (TWCWG)",
      "referenceSource": "IHO Nautical Information Provision Working Group",
      "name": "Landmark Description",
      "dateProposed": "2022-08-02",
      "idx": 1050,
      "definition": "Textual description of selected landmarks that have significance in an area.",
      "alias": "",
      "status": 2,
      "register_FK": 20,
      "submittingMember_FK": 56,
      "reference": "",
      "similarityToSource": "Unspecified",
      "dateAccepted": "2022-08-03",
      "fc_FK": 8272
    },
    {
      "proposedChange": "new",
      "attributeTypeName": "complex",
      "proposalStatus": 3,
      "remarks": "",
      "camelCase": "limitsDescription",
      "P_shortName": "IHO Hydro",
      "attributeType": 1,
      "justification": "for S-131",
      "similarityToSourceDefinition": "The style of the definition has been changed to match the style and structure of other specifications in the register that has imported the specification.",
      "proposalType": 1,
      "submitStatus": 1,
      "organization": "IHO (TWCWG)",
      "referenceSource": "Port Information Manual",
      "name": "Limits Description",
      "dateProposed": "2022-08-02",
      "idx": 1051,
      "definition": "Description of the area covered by the information specified.",
      "alias": "",
      "status": 2,
      "register_FK": 20,
      "submittingMember_FK": 56,
      "reference": "",
      "similarityToSource": "Identical",
      "dateAccepted": "2022-08-03",
      "fc_FK": 8278
    },
    {
      "proposedChange": "new",
      "attributeTypeName": "complex",
      "proposalStatus": 3,
      "remarks": "",
      "camelCase": "majorLightDescription",
      "P_shortName": "IHO Hydro",
      "attributeType": 1,
      "justification": "for S-131",
      "similarityToSourceDefinition": "No change has been made to the specification.",
      "proposalType": 1,
      "submitStatus": 1,
      "organization": "IHO (TWCWG)",
      "referenceSource": "IHO Nautical Information Provision Working Group",
      "name": "Major Light Description",
      "dateProposed": "2022-08-02",
      "idx": 1052,
      "definition": "A description of navigationally significant lights essential for marking landfalls, offshore dangers, shipping routes, port access channels or protection of the marine environment.",
      "alias": "",
      "status": 2,
      "register_FK": 20,
      "submittingMember_FK": 56,
      "reference": "",
      "similarityToSource": "Unspecified",
      "dateAccepted": "2022-08-03",
      "fc_FK": 8346
    }
  ],
  "resultCode": "000",
  "resultMsg": "Success",
  "count": 50
}