{
  "data": [
    {
      "proposedChange": "Add new complex attribute.",
      "attributeTypeName": "complex",
      "proposalStatus": 3,
      "remarks": "",
      "camelCase": "areaA3ServiceDescription",
      "P_shortName": "IHO Hydro",
      "attributeType": 1,
      "justification": "Required for S-123.",
      "similarityToSourceDefinition": "No change has been made to the specification.",
      "proposalType": 1,
      "submitStatus": 1,
      "organization": "IHO (WWNWS)",
      "referenceSource": "Unspecified",
      "name": "Area A3 Service Description",
      "dateProposed": "2026-01-20",
      "idx": 1364,
      "definition": "Description of the radio service for area A3 of the Global Maritime Distress and Safety System (GMDSS).",
      "alias": "",
      "status": 2,
      "register_FK": 20,
      "submittingMember_FK": 162,
      "reference": "",
      "similarityToSource": "Unspecified",
      "dateAccepted": "2026-01-22",
      "fc_FK": 9426
    },
    {
      "proposedChange": "Add new complex attribute.",
      "attributeTypeName": "complex",
      "proposalStatus": 3,
      "remarks": "",
      "camelCase": "radiocommunicationIdentifier",
      "P_shortName": "IHO Hydro",
      "attributeType": 1,
      "justification": "Required for S-123.",
      "similarityToSourceDefinition": "No change has been made to the specification.",
      "proposalType": 1,
      "submitStatus": 1,
      "organization": "IHO (WWNWS)",
      "referenceSource": "Unspecified",
      "name": "Radiocommunication Identifier",
      "dateProposed": "2026-01-20",
      "idx": 1366,
      "definition": "Identifiers of the radio station in various maritime radiocommunication services.",
      "alias": "",
      "status": 2,
      "register_FK": 20,
      "submittingMember_FK": 162,
      "reference": "",
      "similarityToSource": "Unspecified",
      "dateAccepted": "2026-01-22",
      "fc_FK": 9431
    },
    {
      "proposedChange": "Add new complex attribute.",
      "attributeTypeName": "complex",
      "proposalStatus": 3,
      "remarks": "",
      "camelCase": "radioChannelDetails",
      "P_shortName": "IHO Hydro",
      "attributeType": 1,
      "justification": "Required for S-123.",
      "similarityToSourceDefinition": "No change has been made to the specification.",
      "proposalType": 1,
      "submitStatus": 1,
      "organization": "IHO (WWNWS)",
      "referenceSource": "Unspecified",
      "name": "Radio Channel Details",
      "dateProposed": "2026-01-20",
      "idx": 1367,
      "definition": "Details related to the radio channel used in the radio service.",
      "alias": "",
      "status": 2,
      "register_FK": 20,
      "submittingMember_FK": 162,
      "reference": "",
      "similarityToSource": "Unspecified",
      "dateAccepted": "2026-01-22",
      "fc_FK": 9430
    },
    {
      "proposedChange": "Add new complex attribute.",
      "attributeTypeName": "complex",
      "proposalStatus": 3,
      "remarks": "",
      "camelCase": "coverageIndication",
      "P_shortName": "IHO Hydro",
      "attributeType": 1,
      "justification": "Required for S-123.",
      "similarityToSourceDefinition": "No change has been made to the specification.",
      "proposalType": 1,
      "submitStatus": 1,
      "organization": "IHO (WWNWS)",
      "referenceSource": "Unspecified",
      "name": "Coverage Indication",
      "dateProposed": "2026-01-20",
      "idx": 1368,
      "definition": "Details related to the indication of the radio coverage.",
      "alias": "",
      "status": 2,
      "register_FK": 20,
      "submittingMember_FK": 162,
      "reference": "",
      "similarityToSource": "Unspecified",
      "dateAccepted": "2026-01-22",
      "fc_FK": 9428
    },
    {
      "proposedChange": "Add new complex attribute.",
      "attributeTypeName": "complex",
      "proposalStatus": 3,
      "remarks": "",
      "camelCase": "frequencyRange",
      "P_shortName": "IHO Hydro",
      "attributeType": 1,
      "justification": "Required for S-123.",
      "similarityToSourceDefinition": "No change has been made to the specification.",
      "proposalType": 1,
      "submitStatus": 1,
      "organization": "IHO (WWNWS)",
      "referenceSource": "Unspecified",
      "name": "Frequency Range",
      "dateProposed": "2026-01-20",
      "idx": 1369,
      "definition": "Frequency range of the electromagnetic spectrum in which the transmission is provided.",
      "alias": "",
      "status": 2,
      "register_FK": 20,
      "submittingMember_FK": 162,
      "reference": "",
      "similarityToSource": "Unspecified",
      "dateAccepted": "2026-01-22",
      "fc_FK": 9429
    }
  ],
  "resultCode": "000",
  "resultMsg": "Success",
  "count": 5
}