{
  "data": [
    {
      "proposedChange": "Add newly approved attribute to suggested attributes",
      "referenceItem_FK": 775,
      "proposalStatus": 3,
      "P_shortName": "IHO Hydro",
      "camelCase": "onshorePowerFacility",
      "similarityToSourceDefinition": "No change has been made to the specification.",
      "justification": "For S-131",
      "proposalType": 2,
      "submitStatus": 1,
      "organization": "IHO (TWCWG)",
      "useTypeDefinition": "Carries the descriptive characteristics of a real world entity.",
      "similarityToSource_FK": 0,
      "referenceSource": "IHO Nautical Information Provision Working Group",
      "name": "Onshore Power Facility",
      "dateProposed": "2026-01-28",
      "idx": 784,
      "definition": "Facilities or infrastructure providing shore power to berthed vessels.",
      "useType": 1,
      "status": 2,
      "register_FK": 20,
      "useTypeName": "Geographic",
      "submittingMember_FK": 56,
      "reference": "",
      "similarityToSource": "Unspecified",
      "referenceSource_FK": 345,
      "dateAccepted": "2026-01-30",
      "fc_FK": 9812
    },
    {
      "proposedChange": "New feature type",
      "proposalStatus": 3,
      "P_shortName": "IHO Hydro",
      "remarks": "",
      "camelCase": "localPortBroadcastServiceArea",
      "similarityToSourceDefinition": "The style of the definition has been changed to match the style and structure of other specifications in the register that has imported the specification.",
      "justification": "For S-127 Edition 2",
      "proposalType": 1,
      "submitStatus": 1,
      "organization": "IHO (TWCWG)",
      "useTypeDefinition": "Carries the descriptive characteristics of a real world entity.",
      "similarityToSource_FK": 1,
      "referenceSource": "IHO Nautical Information Provision Working Group",
      "name": "Local Port Broadcast Service Area",
      "dateProposed": "2026-01-21",
      "idx": 782,
      "useType": 1,
      "definition": "A broadcast service established to provide port information without interaction between the customer and the service provider. This information could be inter alia berthing information, availability of port services, shipping schedules, meteorological and hydrological data.",
      "alias": "",
      "status": 2,
      "register_FK": 20,
      "useTypeName": "Geographic",
      "submittingMember_FK": 56,
      "reference": "",
      "similarityToSource": "Identical",
      "referenceSource_FK": 345,
      "dateAccepted": "2026-01-22",
      "fc_FK": 9737
    },
    {
      "proposedChange": "New feature type",
      "proposalStatus": 3,
      "P_shortName": "IHO Hydro",
      "remarks": "",
      "camelCase": "shipReportingService",
      "similarityToSourceDefinition": "The style of the definition has been changed to match the style and structure of other specifications in the register that has imported the specification.",
      "justification": "Needed for S-127 Edition 2.0.0.",
      "proposalType": 1,
      "submitStatus": 1,
      "organization": "IHO (TWCWG)",
      "useTypeDefinition": "Carries the descriptive characteristics of a real world entity.",
      "similarityToSource_FK": 1,
      "referenceSource": "IHO Nautical Information Provision Working Group",
      "name": "Ship Reporting Service",
      "dateProposed": "2026-01-21",
      "idx": 783,
      "useType": 1,
      "definition": "A service established by a relevant authority consisting of one or more reporting points or lines at which ships are required to report their identity, course, speed and other data to the monitoring authority.",
      "alias": "",
      "status": 2,
      "register_FK": 20,
      "useTypeName": "Geographic",
      "submittingMember_FK": 56,
      "reference": "2017",
      "similarityToSource": "Identical",
      "referenceSource_FK": 345,
      "dateAccepted": "2026-01-22",
      "fc_FK": 3204
    },
    {
      "proposedChange": "Add new feature.",
      "proposalStatus": 3,
      "P_shortName": "IHO Hydro",
      "remarks": "",
      "camelCase": "chart1Feature",
      "similarityToSourceDefinition": "The style of the definition has been changed to match the style and structure of other specifications in the register that has imported the specification.",
      "justification": "Add new feature to support compilation of ECDIS Chart 1.",
      "proposalType": 1,
      "submitStatus": 1,
      "organization": "IHO Secretariat",
      "useTypeDefinition": "Carries the descriptive characteristics of a real world entity.",
      "similarityToSource_FK": 1,
      "referenceSource": "S-101 IHO Electronic Navigational Chart Product Specification",
      "name": "Chart 1 Feature",
      "dateProposed": "2026-01-20",
      "idx": 781,
      "useType": 1,
      "definition": "A feature which exists to support the rendering of graphics or text in order to provide additional information that cannot be encoded using other features.",
      "alias": "",
      "status": 2,
      "register_FK": 20,
      "useTypeName": "Geographic",
      "submittingMember_FK": 64,
      "reference": "Edition 2.0.0, clause 32.1.",
      "similarityToSource": "Identical",
      "referenceSource_FK": 346,
      "dateAccepted": "2026-01-20",
      "fc_FK": 9112
    },
    {
      "proposedChange": "Add new feature type.",
      "proposalStatus": 3,
      "P_shortName": "IHO Hydro",
      "remarks": "",
      "camelCase": "connectivitySubscriptionArea",
      "similarityToSourceDefinition": "No change has been made to the specification.",
      "justification": "Required for S-123.",
      "proposalType": 1,
      "submitStatus": 1,
      "organization": "IHO (WWNWS)",
      "useTypeDefinition": "The intended use of this feature is not specified.",
      "similarityToSource_FK": 0,
      "referenceSource": "Unspecified",
      "name": "Connectivity Subscription Area",
      "dateProposed": "2026-01-13",
      "idx": 776,
      "useType": 0,
      "definition": "An area of connectivity coverage available for the subscription of connectivity service.",
      "alias": "",
      "status": 2,
      "register_FK": 20,
      "useTypeName": "unspecified",
      "submittingMember_FK": 162,
      "reference": "",
      "similarityToSource": "Unspecified",
      "referenceSource_FK": 1,
      "dateAccepted": "2026-01-19",
      "fc_FK": 9672
    }
  ],
  "resultCode": "000",
  "resultMsg": "Success",
  "count": 5
}