{
  "data": [
    {
      "proposedChange": "Add newly approved attribute to suggested attributes",
      "referenceItem_FK": 775,
      "proposalStatus": 3,
      "P_shortName": "IHO Hydro",
      "camelCase": "onshorePowerFacility",
      "similarityToSourceDefinition": "No change has been made to the specification.",
      "justification": "For S-131",
      "proposalType": 2,
      "submitStatus": 1,
      "organization": "IHO (TWCWG)",
      "useTypeDefinition": "Carries the descriptive characteristics of a real world entity.",
      "similarityToSource_FK": 0,
      "referenceSource": "IHO Nautical Information Provision Working Group",
      "name": "Onshore Power Facility",
      "dateProposed": "2026-01-28",
      "idx": 784,
      "definition": "Facilities or infrastructure providing shore power to berthed vessels.",
      "useType": 1,
      "status": 2,
      "register_FK": 20,
      "useTypeName": "Geographic",
      "submittingMember_FK": 56,
      "reference": "",
      "similarityToSource": "Unspecified",
      "referenceSource_FK": 345,
      "dateAccepted": "2026-01-30",
      "fc_FK": 9812
    },
    {
      "proposedChange": "New feature type",
      "proposalStatus": 3,
      "P_shortName": "IHO Hydro",
      "remarks": "",
      "camelCase": "localPortBroadcastServiceArea",
      "similarityToSourceDefinition": "The style of the definition has been changed to match the style and structure of other specifications in the register that has imported the specification.",
      "justification": "For S-127 Edition 2",
      "proposalType": 1,
      "submitStatus": 1,
      "organization": "IHO (TWCWG)",
      "useTypeDefinition": "Carries the descriptive characteristics of a real world entity.",
      "similarityToSource_FK": 1,
      "referenceSource": "IHO Nautical Information Provision Working Group",
      "name": "Local Port Broadcast Service Area",
      "dateProposed": "2026-01-21",
      "idx": 782,
      "useType": 1,
      "definition": "A broadcast service established to provide port information without interaction between the customer and the service provider. This information could be inter alia berthing information, availability of port services, shipping schedules, meteorological and hydrological data.",
      "alias": "",
      "status": 2,
      "register_FK": 20,
      "useTypeName": "Geographic",
      "submittingMember_FK": 56,
      "reference": "",
      "similarityToSource": "Identical",
      "referenceSource_FK": 345,
      "dateAccepted": "2026-01-22",
      "fc_FK": 9737
    },
    {
      "proposedChange": "New feature type",
      "proposalStatus": 3,
      "P_shortName": "IHO Hydro",
      "remarks": "",
      "camelCase": "shipReportingService",
      "similarityToSourceDefinition": "The style of the definition has been changed to match the style and structure of other specifications in the register that has imported the specification.",
      "justification": "Needed for S-127 Edition 2.0.0.",
      "proposalType": 1,
      "submitStatus": 1,
      "organization": "IHO (TWCWG)",
      "useTypeDefinition": "Carries the descriptive characteristics of a real world entity.",
      "similarityToSource_FK": 1,
      "referenceSource": "IHO Nautical Information Provision Working Group",
      "name": "Ship Reporting Service",
      "dateProposed": "2026-01-21",
      "idx": 783,
      "useType": 1,
      "definition": "A service established by a relevant authority consisting of one or more reporting points or lines at which ships are required to report their identity, course, speed and other data to the monitoring authority.",
      "alias": "",
      "status": 2,
      "register_FK": 20,
      "useTypeName": "Geographic",
      "submittingMember_FK": 56,
      "reference": "2017",
      "similarityToSource": "Identical",
      "referenceSource_FK": 345,
      "dateAccepted": "2026-01-22",
      "fc_FK": 3204
    },
    {
      "proposedChange": "Add new feature.",
      "proposalStatus": 3,
      "P_shortName": "IHO Hydro",
      "remarks": "",
      "camelCase": "chart1Feature",
      "similarityToSourceDefinition": "The style of the definition has been changed to match the style and structure of other specifications in the register that has imported the specification.",
      "justification": "Add new feature to support compilation of ECDIS Chart 1.",
      "proposalType": 1,
      "submitStatus": 1,
      "organization": "IHO Secretariat",
      "useTypeDefinition": "Carries the descriptive characteristics of a real world entity.",
      "similarityToSource_FK": 1,
      "referenceSource": "S-101 IHO Electronic Navigational Chart Product Specification",
      "name": "Chart 1 Feature",
      "dateProposed": "2026-01-20",
      "idx": 781,
      "useType": 1,
      "definition": "A feature which exists to support the rendering of graphics or text in order to provide additional information that cannot be encoded using other features.",
      "alias": "",
      "status": 2,
      "register_FK": 20,
      "useTypeName": "Geographic",
      "submittingMember_FK": 64,
      "reference": "Edition 2.0.0, clause 32.1.",
      "similarityToSource": "Identical",
      "referenceSource_FK": 346,
      "dateAccepted": "2026-01-20",
      "fc_FK": 9112
    },
    {
      "proposedChange": "Add new feature type.",
      "proposalStatus": 3,
      "P_shortName": "IHO Hydro",
      "remarks": "",
      "camelCase": "connectivitySubscriptionArea",
      "similarityToSourceDefinition": "No change has been made to the specification.",
      "justification": "Required for S-123.",
      "proposalType": 1,
      "submitStatus": 1,
      "organization": "IHO (WWNWS)",
      "useTypeDefinition": "The intended use of this feature is not specified.",
      "similarityToSource_FK": 0,
      "referenceSource": "Unspecified",
      "name": "Connectivity Subscription Area",
      "dateProposed": "2026-01-13",
      "idx": 776,
      "useType": 0,
      "definition": "An area of connectivity coverage available for the subscription of connectivity service.",
      "alias": "",
      "status": 2,
      "register_FK": 20,
      "useTypeName": "unspecified",
      "submittingMember_FK": 162,
      "reference": "",
      "similarityToSource": "Unspecified",
      "referenceSource_FK": 1,
      "dateAccepted": "2026-01-19",
      "fc_FK": 9672
    },
    {
      "proposedChange": "Add new feature type.",
      "proposalStatus": 3,
      "P_shortName": "IHO Hydro",
      "remarks": "NAVTEX coverage area means an area defined by an arc of a circle having a radius from the transmitter calculated according to the method and criteria given in IMO resolution A.801(19), as amended.",
      "camelCase": "nAVTEXServiceArea",
      "similarityToSourceDefinition": "No change has been made to the specification.",
      "justification": "Required for S-123.",
      "proposalType": 1,
      "submitStatus": 1,
      "organization": "IHO (WWNWS)",
      "useTypeDefinition": "The intended use of this feature is not specified.",
      "similarityToSource_FK": 0,
      "referenceSource": "Unspecified",
      "name": "NAVTEX Service Area",
      "dateProposed": "2026-01-13",
      "idx": 777,
      "useType": 0,
      "definition": "A unique and precisely defined sea area, wholly contained within the NAVTEX coverage area, for which maritime safety information is provided from a particular NAVTEX transmitter.",
      "alias": "",
      "status": 2,
      "register_FK": 20,
      "useTypeName": "unspecified",
      "submittingMember_FK": 162,
      "reference": "",
      "similarityToSource": "Unspecified",
      "referenceSource_FK": 1,
      "dateAccepted": "2026-01-19",
      "fc_FK": 9671
    },
    {
      "proposedChange": "Add new feature type.",
      "proposalStatus": 3,
      "P_shortName": "IHO Hydro",
      "remarks": "",
      "camelCase": "nAVAREA",
      "similarityToSourceDefinition": "The style of the definition has been changed to match the style and structure of other specifications in the register that has imported the specification.",
      "justification": "Required for S-123.",
      "proposalType": 1,
      "submitStatus": 1,
      "organization": "IHO (WWNWS)",
      "useTypeDefinition": "The intended use of this feature is not specified.",
      "similarityToSource_FK": 1,
      "referenceSource": "Hydrographic Dictionary, Part I Volume I, English",
      "name": "NAVAREA",
      "dateProposed": "2026-01-13",
      "idx": 778,
      "useType": 0,
      "definition": "The short title for a geographical sea area (may include inland seas, lakes and waterways navigable by sea-going ships) established for the purpose of coordinating the broadcast of navigational warnings. The term NAVAREA followed by a roman numeral may be used to identify a particular sea area. The delimitation of such areas is not related to and shall not prejudice the delimitation of any boundaries between States.",
      "alias": "",
      "status": 2,
      "register_FK": 20,
      "useTypeName": "unspecified",
      "submittingMember_FK": 162,
      "reference": "https://portal.iho.int/iho-ohi/S32/engView.php?quick_filter=NAVAREA&quick_filter_operator=Equals",
      "similarityToSource": "Identical",
      "referenceSource_FK": 4,
      "dateAccepted": "2026-01-19",
      "fc_FK": 5904
    },
    {
      "proposedChange": "Add new feature type.",
      "proposalStatus": 3,
      "P_shortName": "IHO Hydro",
      "remarks": "",
      "camelCase": "mETAREA",
      "similarityToSourceDefinition": "No change has been made to the specification.",
      "justification": "Required for S-123.",
      "proposalType": 1,
      "submitStatus": 1,
      "organization": "IHO (WWNWS)",
      "useTypeDefinition": "The intended use of this feature is not specified.",
      "similarityToSource_FK": 0,
      "referenceSource": "Unspecified",
      "name": "METAREA",
      "dateProposed": "2026-01-13",
      "idx": 779,
      "useType": 0,
      "definition": "A geographical sea area (which may include inland seas, lakes and waterways navigable by seagoing ships) established for the purpose of coordinating the broadcast of marine meteorological information.",
      "alias": "",
      "status": 2,
      "register_FK": 20,
      "useTypeName": "unspecified",
      "submittingMember_FK": 162,
      "reference": "",
      "similarityToSource": "Unspecified",
      "referenceSource_FK": 1,
      "dateAccepted": "2026-01-19",
      "fc_FK": 9673
    },
    {
      "proposedChange": "Add new feature type.",
      "proposalStatus": 3,
      "P_shortName": "IHO Hydro",
      "remarks": "",
      "camelCase": "searchAndRescueRegion",
      "similarityToSourceDefinition": "No change has been made to the specification.",
      "justification": "Required for S-123.",
      "proposalType": 1,
      "submitStatus": 1,
      "organization": "IHO (WWNWS)",
      "useTypeDefinition": "The intended use of this feature is not specified.",
      "similarityToSource_FK": 0,
      "referenceSource": "Unspecified",
      "name": "Search and Rescue Region",
      "dateProposed": "2026-01-13",
      "idx": 780,
      "useType": 0,
      "definition": "A defined geographical area where a specific country or organization is designated to coordinate and provide search and rescue services.",
      "alias": "",
      "status": 2,
      "register_FK": 20,
      "useTypeName": "unspecified",
      "submittingMember_FK": 162,
      "reference": "",
      "similarityToSource": "Unspecified",
      "referenceSource_FK": 1,
      "dateAccepted": "2026-01-19",
      "fc_FK": 9674
    },
    {
      "proposedChange": "New feature type",
      "proposalStatus": 3,
      "P_shortName": "IHO Hydro",
      "remarks": "",
      "camelCase": "fenderLine",
      "similarityToSourceDefinition": "No change has been made to the specification.",
      "justification": "For S-131",
      "proposalType": 1,
      "refSourceCombination_FK": 430,
      "submitStatus": 1,
      "organization": "IHO (TWCWG)",
      "useTypeDefinition": "Carries the descriptive characteristics of a real world entity.",
      "similarityToSource_FK": 0,
      "referenceSource": "Oil Companies International Marine Forum",
      "name": "Fender Line",
      "dateProposed": "2025-12-13",
      "idx": 773,
      "useType": 1,
      "definition": "An imaginary line parallel to a face of a berth or quay which touches the seaward face of the fenders.",
      "status": 2,
      "alias": "",
      "register_FK": 20,
      "useTypeName": "Geographic",
      "submittingMember_FK": 56,
      "reference": "Marine Terminal Particulars Questionnaire",
      "similarityToSource": "Unspecified",
      "referenceSource_FK": 430,
      "dateAccepted": "2025-12-14",
      "fc_FK": 9829
    },
    {
      "proposedChange": "New feature type",
      "proposalStatus": 3,
      "P_shortName": "IHO Hydro",
      "remarks": "",
      "camelCase": "automatedGuidedVehicle",
      "similarityToSourceDefinition": "No change has been made to the specification.",
      "justification": "For S-131",
      "proposalType": 1,
      "submitStatus": 1,
      "organization": "IHO (TWCWG)",
      "useTypeDefinition": "Carries the descriptive characteristics of a real world entity.",
      "similarityToSource_FK": 0,
      "referenceSource": "IHO Nautical Information Provision Working Group",
      "name": "Automated Guided Vehicle",
      "dateProposed": "2025-12-13",
      "idx": 774,
      "useType": 1,
      "definition": "Equipment with material handling or operational capabilities, characterised by wheeled (including tracked) mobility, and which autonomously moves along a preset route based on environmental markers or external guidance signals.",
      "alias": "",
      "status": 2,
      "register_FK": 20,
      "useTypeName": "Geographic",
      "submittingMember_FK": 56,
      "reference": "",
      "similarityToSource": "Unspecified",
      "referenceSource_FK": 345,
      "dateAccepted": "2025-12-14",
      "fc_FK": 9818
    },
    {
      "proposedChange": "Creation of a new feature based on the concept Buoy Line",
      "proposalStatus": 3,
      "P_shortName": "Inland ENC",
      "remarks": "A buoy line is one feature and build-up by multiple buoys",
      "camelCase": "buoyLine",
      "similarityToSourceDefinition": "No change has been made to the specification.",
      "justification": "The IEHG has decided to introduce a new feature, BuoyLine, in S-401 to represent buoys arranged in a line that block the waterway and indicate that entry is prohibited.",
      "proposalType": 1,
      "submitStatus": 1,
      "organization": "IENC",
      "useTypeDefinition": "Carries the descriptive characteristics of a real world entity.",
      "similarityToSource_FK": 0,
      "referenceSource": "Inland ENC Harmonization Group",
      "name": "Buoy Line",
      "dateProposed": "2025-10-09",
      "idx": 768,
      "useType": 1,
      "definition": "A buoy line is a set of buoys positioned on a curve indicating a certain restriction.",
      "alias": "Buoy Line",
      "status": 2,
      "register_FK": 19,
      "useTypeName": "Geographic",
      "submittingMember_FK": 82,
      "reference": "",
      "similarityToSource": "Unspecified",
      "referenceSource_FK": 371,
      "dateAccepted": "2025-10-13",
      "fc_FK": 9799
    },
    {
      "proposedChange": "Amend Use Type from &quot;unspecified&quot;..",
      "referenceItem_FK": 424,
      "proposalStatus": 3,
      "P_shortName": "IHO Hydro",
      "remarks": "",
      "camelCase": "forecastAreaAggregate",
      "similarityToSourceDefinition": "The style of the definition has been changed to match the style and structure of other specifications in the register that has imported the specification.",
      "justification": "Required for NIPWG.",
      "proposalType": 2,
      "submitStatus": 1,
      "organization": "IHO Secretariat",
      "useTypeDefinition": "Carries the descriptive characteristics of a real world entity.",
      "similarityToSource_FK": 1,
      "referenceSource": "IHO Nautical Information Provision Working Group",
      "name": "Forecast Area Aggregate",
      "dateProposed": "2025-03-26",
      "idx": 764,
      "useType": 1,
      "definition": "Aggregation of areas where forecasts and warnings broadcast for a Weather forecast and warning area may be available with differing levels of reliability.",
      "status": 2,
      "alias": "",
      "register_FK": 20,
      "useTypeName": "Geographic",
      "submittingMember_FK": 64,
      "reference": "2017",
      "similarityToSource": "Identical",
      "referenceSource_FK": 345,
      "dateAccepted": "2025-03-26",
      "fc_FK": 2441
    },
    {
      "proposedChange": "Adding iD as recommended attribute for QoBC",
      "referenceItem_FK": 642,
      "proposalStatus": 3,
      "P_shortName": "IHO Hydro",
      "remarks": "The information can be localised down to the level of individual spatial elements in a coverage, such as individual grid cells in a bathymetry grid.",
      "camelCase": "qualityOfBathymetryCoverage",
      "similarityToSourceDefinition": "The style of the definition has been changed to match the style and structure of other specifications in the register that has imported the specification.",
      "justification": "To support featureAttributeTable use in S-102",
      "proposalType": 2,
      "submitStatus": 1,
      "organization": "IHO (S-100WG)",
      "useTypeDefinition": "Contains information about other objects.",
      "similarityToSource_FK": 1,
      "referenceSource": "IHO S-102 Project Team",
      "name": "Quality of Bathymetry Coverage",
      "dateProposed": "2024-12-03",
      "idx": 763,
      "useType": 2,
      "definition": "A set of references to value records that provide localised information about depth, uncertainties, and bathymetry coverage metadata.",
      "status": 2,
      "alias": "",
      "register_FK": 20,
      "useTypeName": "Meta",
      "submittingMember_FK": 319,
      "reference": "",
      "similarityToSource": "Identical",
      "referenceSource_FK": 383,
      "dateAccepted": "2024-12-04",
      "fc_FK": 8695
    },
    {
      "proposedChange": "Addition for S-130 Product Specification",
      "proposalStatus": 3,
      "P_shortName": "IHO Hydro",
      "remarks": "",
      "camelCase": "globalSeaArea",
      "similarityToSourceDefinition": "No change has been made to the specification.",
      "justification": "Addition for S-130 Product Specification",
      "proposalType": 1,
      "submitStatus": 1,
      "organization": "IHO Secretariat",
      "useTypeDefinition": "Carries the descriptive characteristics of a real world entity.",
      "similarityToSource_FK": 0,
      "referenceSource": "Unspecified",
      "name": "Global Sea Area",
      "dateProposed": "2024-11-25",
      "idx": 761,
      "useType": 1,
      "definition": "An area describing the extents of global seas and oceans.",
      "alias": "",
      "status": 2,
      "register_FK": 20,
      "useTypeName": "Geographic",
      "submittingMember_FK": 11,
      "reference": "",
      "similarityToSource": "Unspecified",
      "referenceSource_FK": 1,
      "dateAccepted": "2024-11-25",
      "fc_FK": 8778
    },
    {
      "proposedChange": "Amend use type from previous &apos;Theme&apos; to &apos;Geographic&apos;",
      "referenceItem_FK": 542,
      "proposalStatus": 3,
      "P_shortName": "IHO Hydro",
      "remarks": "",
      "camelCase": "underKeelClearancePlan",
      "similarityToSourceDefinition": "The style of the definition has been changed to match the style and structure of other specifications in the register that has imported the specification.",
      "justification": "S-129 features do not need to be thematically grouped, and it is more appropriate for UnderKeelClearancePlan’s use type to be geographic.",
      "proposalType": 2,
      "submitStatus": 1,
      "organization": "IHO (S-100WG)",
      "useTypeDefinition": "Carries the descriptive characteristics of a real world entity.",
      "similarityToSource_FK": 1,
      "referenceSource": "IHO S-129 Project Team",
      "name": "Under Keel Clearance Plan",
      "dateProposed": "2024-07-11",
      "idx": 757,
      "useType": 1,
      "definition": "A UKC plan calculated for a particular vessel, for a particular passage.",
      "status": 2,
      "alias": "",
      "register_FK": 20,
      "useTypeName": "Geographic",
      "submittingMember_FK": 177,
      "reference": "2018",
      "similarityToSource": "Identical",
      "referenceSource_FK": 377,
      "dateAccepted": "2024-07-11",
      "fc_FK": 3416
    },
    {
      "proposedChange": "Add new feature.",
      "proposalStatus": 3,
      "P_shortName": "IHO Hydro",
      "remarks": "",
      "camelCase": "structureOverNavigableWater",
      "similarityToSourceDefinition": "The style of the definition has been changed to match the style and structure of other specifications in the register that has imported the specification.",
      "justification": "Required for S-101 Edition 2.0.0.",
      "proposalType": 1,
      "submitStatus": 1,
      "organization": "IHO Secretariat",
      "useTypeDefinition": "Carries the descriptive characteristics of a real world entity.",
      "similarityToSource_FK": 1,
      "referenceSource": "S-101 IHO Electronic Navigational Chart Product Specification",
      "name": "Structure Over Navigable Water",
      "s4": "B-370.9;B-321.9;",
      "dateProposed": "2024-05-29",
      "idx": 756,
      "useType": 1,
      "definition": "A roofed structure erected, or partly erected, over a body of water, to provide protection for a vessel or its cargo.",
      "alias": "",
      "status": 2,
      "register_FK": 20,
      "useTypeName": "Geographic",
      "submittingMember_FK": 64,
      "reference": "Edition 1.3.0, clause 8.7",
      "similarityToSource": "Identical",
      "referenceSource_FK": 346,
      "dateAccepted": "2024-05-29",
      "fc_FK": 8799
    },
    {
      "proposedChange": "Adding uncertainty as a possible attribute",
      "referenceItem_FK": 369,
      "proposalStatus": 3,
      "P_shortName": "IHO Hydro",
      "remarks": "",
      "camelCase": "waterLevel",
      "similarityToSourceDefinition": "The specification of the register item has been generalized to have a broader meaning than the item defined in the external source.",
      "justification": "For S-104 Ed. 2.0",
      "proposalType": 2,
      "submitStatus": 1,
      "organization": "IHO (TWCWG)",
      "useTypeDefinition": "Carries the descriptive characteristics of a real world entity.",
      "similarityToSource_FK": 3,
      "referenceSource": "IHO Tides, Water Level and Currents Working Group",
      "name": "Water Level",
      "dateProposed": "2024-05-13",
      "idx": 753,
      "useType": 1,
      "definition": "The vertical position of a water surface.",
      "status": 2,
      "alias": "",
      "register_FK": 20,
      "useTypeName": "Geographic",
      "submittingMember_FK": 56,
      "reference": "2018",
      "similarityToSource": "Context Added",
      "referenceSource_FK": 366,
      "dateAccepted": "2024-05-15",
      "fc_FK": 1957
    },
    {
      "proposedChange": "Add attributes for uncertainty and time",
      "referenceItem_FK": 578,
      "proposalStatus": 3,
      "P_shortName": "IHO Hydro",
      "remarks": "",
      "camelCase": "surfaceCurrent",
      "similarityToSourceDefinition": "The style of the definition has been changed to match the style and structure of other specifications in the register that has imported the specification.",
      "justification": "For S-111 2.0.0",
      "proposalType": 2,
      "submitStatus": 1,
      "organization": "IHO (TWCWG)",
      "useTypeDefinition": "Carries the descriptive characteristics of a real world entity.",
      "similarityToSource_FK": 1,
      "referenceSource": "Hydrographic Dictionary, Part I Volume I, English",
      "name": "Surface Current",
      "dateProposed": "2024-05-13",
      "idx": 755,
      "useType": 1,
      "definition": "A current that does not extend more than a few (2-3) metres below the surface.",
      "status": 2,
      "alias": "",
      "register_FK": 20,
      "useTypeName": "Geographic",
      "submittingMember_FK": 56,
      "reference": "https://portal.iho.int/iho-ohi/S32/engView.php?quick_filter=current%3A+surface&quick_filter_operator=Equals",
      "similarityToSource": "Identical",
      "referenceSource_FK": 4,
      "dateAccepted": "2024-05-15",
      "fc_FK": 4449
    },
    {
      "proposedChange": "Added Pontoon as a distinction.",
      "referenceItem_FK": 664,
      "proposalStatus": 3,
      "P_shortName": "IHO Hydro",
      "remarks": "A bridge may consist of portions which cover the land and the water.",
      "camelCase": "bridge",
      "similarityToSourceDefinition": "The style of the definition has been changed to match the style and structure of other specifications in the register that has imported the specification.",
      "justification": "Consistency (noting that PylonBridgeSupport is also a distinction).",
      "proposalType": 2,
      "submitStatus": 1,
      "organization": "IHO Secretariat",
      "useTypeDefinition": "Carries the descriptive characteristics of a real world entity.",
      "similarityToSource_FK": 1,
      "referenceSource": "Hydrographic Dictionary, Part I Volume I, English",
      "name": "Bridge",
      "dateProposed": "2024-04-19",
      "idx": 752,
      "useType": 1,
      "definition": "(1) An elevated structure extending across or over the weather deck of a vessel, or part of such a structure. The term is sometimes modified to indicate the intended use, such as navigating bridge or signal bridge.  (2) A structure erected over a depression or an obstacle such as a body of water, railroad, etc., to provide a roadway for vehicles or pedestrians.",
      "status": 2,
      "alias": "BRIDGE",
      "register_FK": 20,
      "useTypeName": "Geographic",
      "submittingMember_FK": 64,
      "reference": "https://portal.iho.int/iho-ohi/S32/engView.php?quick_filter=bridge&quick_filter_operator=Equals",
      "similarityToSource": "Identical",
      "referenceSource_FK": 4,
      "dateAccepted": "2024-04-19",
      "fc_FK": 3989
    },
    {
      "proposedChange": "Amend recommended attributes to remove displayUncertainties attribute.",
      "referenceItem_FK": 594,
      "proposalStatus": 3,
      "P_shortName": "IHO Hydro",
      "remarks": "Drying heights (drying soundings) are indicated by a negative value.",
      "camelCase": "sounding",
      "similarityToSourceDefinition": "The specification includes information about its context that is not explicit in the specification in the external source.",
      "justification": "No longer required.",
      "proposalType": 2,
      "submitStatus": 1,
      "organization": "IHO Secretariat",
      "useTypeDefinition": "Carries the descriptive characteristics of a real world entity.",
      "similarityToSource_FK": 2,
      "referenceSource": "Hydrographic Dictionary, Part I Volume I, English",
      "name": "Sounding",
      "s4": "B-413.1;B-412;",
      "dateProposed": "2024-03-28",
      "idx": 721,
      "useType": 1,
      "definition": "Measured or charted depth of water (may be a drying height), or the measurement of such a depth, which has been reduced to a vertical datum.",
      "status": 2,
      "alias": "SOUNDG",
      "register_FK": 20,
      "useTypeName": "Geographic",
      "submittingMember_FK": 64,
      "int1": "I 14-15;I 10;",
      "reference": "https://portal.iho.int/iho-ohi/S32/engView.php?quick_filter=sounding&quick_filter_operator=Equals",
      "similarityToSource": "Restyled",
      "referenceSource_FK": 4,
      "dateAccepted": "2024-03-28",
      "fc_FK": 794
    },
    {
      "proposedChange": "Amend recommended attributes to remove displayUncertainties attribute.",
      "referenceItem_FK": 597,
      "proposalStatus": 3,
      "P_shortName": "IHO Hydro",
      "remarks": "",
      "camelCase": "wreck",
      "similarityToSourceDefinition": "The style of the definition has been changed to match the style and structure of other specifications in the register that has imported the specification.",
      "justification": "No longer required.",
      "proposalType": 2,
      "submitStatus": 1,
      "organization": "IHO Secretariat",
      "useTypeDefinition": "Carries the descriptive characteristics of a real world entity.",
      "similarityToSource_FK": 1,
      "referenceSource": "Hydrographic Dictionary, Part I Volume I, English",
      "name": "Wreck",
      "s4": "B-422.1-8;B-422;",
      "dateProposed": "2024-03-28",
      "idx": 722,
      "useType": 1,
      "definition": "The ruined remains of a stranded or sunken vessel which has been rendered useless.",
      "status": 2,
      "alias": "WRECKS",
      "register_FK": 20,
      "useTypeName": "Geographic",
      "submittingMember_FK": 64,
      "int1": "K 20-31;",
      "reference": "https://portal.iho.int/iho-ohi/S32/engView.php?quick_filter=wreck&quick_filter_operator=Equals",
      "similarityToSource": "Identical",
      "referenceSource_FK": 4,
      "dateAccepted": "2024-03-28",
      "fc_FK": 863
    },
    {
      "proposedChange": "Amend recommended attributes to remove displayUncertainties attribute.",
      "referenceItem_FK": 595,
      "proposalStatus": 3,
      "P_shortName": "IHO Hydro",
      "remarks": "",
      "camelCase": "underwaterAwashRock",
      "similarityToSourceDefinition": "The style of the definition has been changed to match the style and structure of other specifications in the register that has imported the specification.",
      "justification": "No longer required.",
      "proposalType": 2,
      "submitStatus": 1,
      "organization": "IHO Secretariat",
      "useTypeDefinition": "Carries the descriptive characteristics of a real world entity.",
      "similarityToSource_FK": 1,
      "referenceSource": "IHO Transfer Standard for Digital Hydrographic Data, Appendix A: Object Catalogue - Description of the Feature Coding Schema to be Used for Hydrographic Requirements",
      "name": "Underwater/Awash Rock",
      "s4": "B-421.2-4;",
      "dateProposed": "2024-03-28",
      "idx": 723,
      "useType": 1,
      "definition": "A concreted mass of stony material or coral which dries, is awash or is below the water surface.",
      "status": 2,
      "alias": "UWTROC",
      "register_FK": 20,
      "useTypeName": "Geographic",
      "submittingMember_FK": 64,
      "int1": "K 11-15;",
      "reference": "Chapter 1, Page 1.194",
      "similarityToSource": "Identical",
      "referenceSource_FK": 3,
      "dateAccepted": "2024-03-28",
      "fc_FK": 855
    },
    {
      "proposedChange": "Amend recommended attributes to remove displayUncertainties attribute.",
      "referenceItem_FK": 596,
      "proposalStatus": 3,
      "P_shortName": "IHO Hydro",
      "remarks": "",
      "camelCase": "obstruction",
      "similarityToSourceDefinition": "The style of the definition has been changed to match the style and structure of other specifications in the register that has imported the specification.",
      "justification": "No Longer required.",
      "proposalType": 2,
      "submitStatus": 1,
      "organization": "IHO Secretariat",
      "useTypeDefinition": "Carries the descriptive characteristics of a real world entity.",
      "similarityToSource_FK": 1,
      "referenceSource": "Hydrographic Dictionary, Part I Volume I, English",
      "name": "Obstruction",
      "s4": "B-447.7;B-447.5;B-445.1;B-431.6;B-422.8-9;B-420.1;B-327.5;",
      "dateProposed": "2024-03-28",
      "idx": 724,
      "useType": 1,
      "definition": "In marine navigation, anything that hinders or prevents movement, particularly anything that endangers or prevents passage of a vessel. The term is usually used to refer to an isolated danger to navigation, such as a sunken rock or pinnacle.",
      "status": 2,
      "alias": "OBSTRN",
      "register_FK": 20,
      "useTypeName": "Geographic",
      "submittingMember_FK": 64,
      "int1": "Q 42;L 23;L 21;K 46;K 40-43;K 31;K 1;",
      "reference": "https://portal.iho.int/iho-ohi/S32/engView.php?quick_filter=obstruction&quick_filter_operator=Equals",
      "similarityToSource": "Identical",
      "referenceSource_FK": 4,
      "dateAccepted": "2024-03-28",
      "fc_FK": 870
    },
    {
      "proposedChange": "Add complex attribute vesselSpeedLimit as a recommended attribute.",
      "referenceItem_FK": 259,
      "proposalStatus": 3,
      "P_shortName": "IHO Hydro",
      "remarks": "",
      "camelCase": "dredgedArea",
      "similarityToSourceDefinition": "The style of the definition has been changed to match the style and structure of other specifications in the register that has imported the specification.",
      "justification": "Initial population of Data Dictionary Register.",
      "proposalType": 2,
      "submitStatus": 1,
      "organization": "IHO Secretariat",
      "useTypeDefinition": "Carries the descriptive characteristics of a real world entity.",
      "similarityToSource_FK": 1,
      "referenceSource": "Hydrographic Dictionary, Part I Volume I, English",
      "name": "Dredged Area",
      "s4": "B-414;",
      "dateProposed": "2024-03-28",
      "idx": 725,
      "useType": 1,
      "definition": "An area of the bottom of a body of water which has been deepened by dredging.",
      "status": 2,
      "alias": "DRGARE",
      "register_FK": 20,
      "useTypeName": "Geographic",
      "submittingMember_FK": 64,
      "int1": "I 20-23;",
      "reference": "https://portal.iho.int/iho-ohi/S32/engView.php?quick_filter=dredged+area&quick_filter_operator=Equals",
      "similarityToSource": "Identical",
      "referenceSource_FK": 4,
      "dateAccepted": "2024-03-28",
      "fc_FK": 795
    },
    {
      "proposedChange": "Add complex attribute vesselSpeedLimit as a recommended attribute.",
      "referenceItem_FK": 602,
      "proposalStatus": 3,
      "P_shortName": "IHO Hydro",
      "remarks": "",
      "camelCase": "marineFarmCulture",
      "similarityToSourceDefinition": "The style of the definition has been changed to match the style and structure of other specifications in the register that has imported the specification.",
      "justification": "Paper S-101PT12-05.1.1 and Decisions and Actions from S-101PT12.",
      "proposalType": 2,
      "submitStatus": 1,
      "organization": "IHO Secretariat",
      "useTypeDefinition": "Carries the descriptive characteristics of a real world entity.",
      "similarityToSource_FK": 1,
      "referenceSource": "Hydrographic Dictionary, Part I Volume I, English",
      "name": "Marine Farm/Culture",
      "dateProposed": "2024-03-28",
      "idx": 726,
      "useType": 1,
      "definition": "An assemblage of cages, nets, rafts and floats or posts where fish, including shellfish, are artificially cultivated.",
      "status": 2,
      "alias": "Fish Farm; MARCUL",
      "register_FK": 20,
      "useTypeName": "Geographic",
      "submittingMember_FK": 64,
      "reference": "https://portal.iho.int/iho-ohi/S32/engView.php?quick_filter=fish+farm&quick_filter_operator=Equals",
      "similarityToSource": "Identical",
      "referenceSource_FK": 4,
      "dateAccepted": "2024-03-28",
      "fc_FK": 8768
    },
    {
      "proposedChange": "Add complex attribute vesselSpeedLimit as a recommended attribute.",
      "referenceItem_FK": 277,
      "proposalStatus": 3,
      "P_shortName": "IHO Hydro",
      "remarks": "",
      "camelCase": "cableArea",
      "similarityToSourceDefinition": "The style of the definition has been changed to match the style and structure of other specifications in the register that has imported the specification.",
      "justification": "Paper S-101PT12-05.1.1 and Decisions and Actions from S-101PT12.",
      "proposalType": 2,
      "submitStatus": 1,
      "organization": "IHO Secretariat",
      "useTypeDefinition": "Carries the descriptive characteristics of a real world entity.",
      "similarityToSource_FK": 1,
      "referenceSource": "IHO Transfer Standard for Digital Hydrographic Data, Appendix A: Object Catalogue - Description of the Feature Coding Schema to be Used for Hydrographic Requirements",
      "name": "Cable Area",
      "s4": "B-443.3;B-449.3;",
      "dateProposed": "2024-03-28",
      "idx": 727,
      "useType": 1,
      "definition": "An area which contains one or more submarine cables.",
      "status": 2,
      "alias": "CBLARE",
      "register_FK": 20,
      "useTypeName": "Geographic",
      "submittingMember_FK": 64,
      "int1": "L 31.2;L 30.2;",
      "reference": "Chapter 1, Page 1.70",
      "similarityToSource": "Identical",
      "referenceSource_FK": 3,
      "dateAccepted": "2024-03-28",
      "fc_FK": 919
    },
    {
      "proposedChange": "Add complex attribute vesselSpeedLimit as a recommended attribute.",
      "referenceItem_FK": 603,
      "proposalStatus": 3,
      "P_shortName": "IHO Hydro",
      "remarks": "A pipeline is a string of interconnected pipes used for the transport of matter, nowadays mainly oil or gas (IHO Dictionary, S-32, 5th Edition, 3857). It must be assumed that the pipes are vulnerable to damage from anchoring or trawling. They may be a potential danger to navigation (IHO Chart Specifications, M-4).",
      "camelCase": "pipelineSubmarineOnLand",
      "similarityToSourceDefinition": "The style of the definition has been changed to match the style and structure of other specifications in the register that has imported the specification.",
      "justification": "Paper S-101PT12-05.1.1 and Decisions and Actions from S-101PT12.",
      "proposalType": 2,
      "submitStatus": 1,
      "organization": "IHO Secretariat",
      "useTypeDefinition": "Carries the descriptive characteristics of a real world entity.",
      "similarityToSource_FK": 1,
      "referenceSource": "Defence Geospatial Information Working Group: Feature Data Dictionary Register",
      "name": "Pipeline Submarine/On Land",
      "s4": "B-377;B-444;B-444.1-2;B-444.4-5;B-444.7;",
      "dateProposed": "2024-03-28",
      "idx": 728,
      "useType": 1,
      "definition": "A connected set of pipes for conveying liquids, slurries, or gases.",
      "status": 2,
      "alias": "PIPSOL",
      "register_FK": 20,
      "useTypeName": "Geographic",
      "submittingMember_FK": 64,
      "int1": "D 29;L 40.1;L 41.1;L 42;L 44;",
      "reference": "2012 Baseline",
      "similarityToSource": "Identical",
      "referenceSource_FK": 330,
      "dateAccepted": "2024-03-28",
      "fc_FK": 920
    },
    {
      "proposedChange": "Add complex attribute vesselSpeedLimit as a recommended attribute.",
      "referenceItem_FK": 630,
      "proposalStatus": 3,
      "P_shortName": "IHO Hydro",
      "remarks": "",
      "camelCase": "offshoreProductionArea",
      "similarityToSourceDefinition": "The style of the definition has been changed to match the style and structure of other specifications in the register that has imported the specification.",
      "justification": "Paper S-101PT12-05.1.1 and Decisions and Actions from S-101PT12.",
      "proposalType": 2,
      "submitStatus": 1,
      "organization": "IHO Secretariat",
      "useTypeDefinition": "Carries the descriptive characteristics of a real world entity.",
      "similarityToSource_FK": 1,
      "referenceSource": "IHO Transfer Standard for Digital Hydrographic Data, Appendix A: Object Catalogue - Description of the Feature Coding Schema to be Used for Hydrographic Requirements",
      "name": "Offshore Production Area",
      "s4": "B-445.11-12;B-445.9;B-445.7;B-445.3;",
      "dateProposed": "2024-03-28",
      "idx": 729,
      "useType": 1,
      "definition": "An area at sea within which there are production facilities.",
      "status": 2,
      "alias": "OSPARE",
      "register_FK": 20,
      "useTypeName": "Geographic",
      "submittingMember_FK": 64,
      "int1": "L 5.2;L 4;",
      "reference": "Chapter 1, Page 1.113",
      "similarityToSource": "Identical",
      "referenceSource_FK": 3,
      "dateAccepted": "2024-03-28",
      "fc_FK": 922
    },
    {
      "proposedChange": "Add new recommended complex attribute fixedDateRange.",
      "referenceItem_FK": 667,
      "proposalStatus": 3,
      "P_shortName": "IHO Hydro",
      "remarks": "",
      "camelCase": "rangeSystem",
      "similarityToSourceDefinition": "The specification includes information about its context that is not explicit in the specification in the external source.",
      "justification": "Correct inconsistency in S-101 data model.",
      "proposalType": 2,
      "submitStatus": 1,
      "organization": "IHO Secretariat",
      "useTypeDefinition": "Carries the descriptive characteristics of a real world entity.",
      "similarityToSource_FK": 2,
      "referenceSource": "Hydrographic Dictionary, Part I Volume I, English",
      "name": "Range System",
      "dateProposed": "2024-03-28",
      "idx": 730,
      "useType": 1,
      "definition": "Two or more features in the same horizontal direction, particularly those features so placed as navigational aids to mark any line of importance to vessels, as a channel. The one nearest the observer is the front mark and the one farthest from the observer is the rear mark.",
      "status": 2,
      "alias": "C_AGGR",
      "register_FK": 20,
      "useTypeName": "Geographic",
      "submittingMember_FK": 64,
      "reference": "https://portal.iho.int/iho-ohi/S32/engView.php?page=3&quick_filter=light(s)%3A+range&quick_filter_operator=Contains",
      "similarityToSource": "Restyled",
      "referenceSource_FK": 4,
      "dateAccepted": "2024-03-28",
      "fc_FK": 8687
    },
    {
      "proposedChange": "Add complex attribute vesselSpeedLimit as a recommended attribute.",
      "referenceItem_FK": 668,
      "proposalStatus": 3,
      "P_shortName": "IHO Hydro",
      "remarks": "",
      "camelCase": "fairway",
      "similarityToSourceDefinition": "The style of the definition has been changed to match the style and structure of other specifications in the register that has imported the specification.",
      "justification": "Paper S-101PT12-05.1.1 and Decisions and Actions from S-101PT12.",
      "proposalType": 2,
      "submitStatus": 1,
      "organization": "IHO Secretariat",
      "useTypeDefinition": "Carries the descriptive characteristics of a real world entity.",
      "similarityToSource_FK": 1,
      "referenceSource": "International Maritime Dictionary",
      "name": "Fairway",
      "s4": "B-434.5;B-432.1(c);",
      "dateProposed": "2024-03-28",
      "idx": 731,
      "useType": 1,
      "definition": "That part of a river, harbour and so on, where the main navigable channel for vessels of larger size lies. It is also the usual course followed by vessels entering or leaving harbours, called &apos;ship channel&apos;.",
      "status": 2,
      "alias": "FAIRWY",
      "register_FK": 20,
      "useTypeName": "Geographic",
      "submittingMember_FK": 64,
      "int1": "M 18;",
      "reference": "2nd Edition",
      "similarityToSource": "Identical",
      "referenceSource_FK": 277,
      "dateAccepted": "2024-03-28",
      "fc_FK": 941
    },
    {
      "proposedChange": "Add new recommended attribute fixedDateRange.",
      "referenceItem_FK": 672,
      "proposalStatus": 3,
      "P_shortName": "IHO Hydro",
      "remarks": "",
      "camelCase": "twoWayRoute",
      "similarityToSourceDefinition": "The style of the definition has been changed to match the style and structure of other specifications in the register that has imported the specification.",
      "justification": "Correct inconsistency in S-101 data model.",
      "proposalType": 2,
      "submitStatus": 1,
      "organization": "IHO Secretariat",
      "useTypeDefinition": "Carries the descriptive characteristics of a real world entity.",
      "similarityToSource_FK": 1,
      "referenceSource": "Ship's Routeing",
      "name": "Two-Way Route",
      "s4": "B-435.6;",
      "dateProposed": "2024-03-28",
      "idx": 732,
      "useType": 1,
      "definition": "A route within defined limits inside which two way traffic is established, aimed at providing safe passage of ships through waters where navigation is difficult or dangerous.",
      "status": 2,
      "alias": "C_AGGR",
      "register_FK": 20,
      "useTypeName": "Geographic",
      "submittingMember_FK": 64,
      "int1": "M 28.2;",
      "reference": "Clause 2.1.8",
      "similarityToSource": "Identical",
      "referenceSource_FK": 275,
      "dateAccepted": "2024-03-28",
      "fc_FK": 945
    },
    {
      "proposedChange": "Add complex attribute vesselSpeedLimit as a recommended attribute.",
      "referenceItem_FK": 675,
      "proposalStatus": 3,
      "P_shortName": "IHO Hydro",
      "remarks": "A deep water route is a route in a designated area, within defined limits, which has been accurately surveyed for clearance of sea bottom and submerged obstacles to a minimum indicated depth of water (IHO Dictionary, S-32, 5th Edition, 1280). The complete deep water route consists of one or more parts depending on the shape of the deep water route. The orientation of the route part is defined by the middle line of the part relating to the general direction of the deep water route. Additional information can be found in IHO Technical Resolution A1.17.",
      "camelCase": "deepWaterRoutePart",
      "similarityToSourceDefinition": "The style of the definition has been changed to match the style and structure of other specifications in the register that has imported the specification.",
      "justification": "Paper S-101PT12-05.1.1 and Decisions and Actions from S-101PT12.",
      "proposalType": 2,
      "submitStatus": 1,
      "organization": "IHO Secretariat",
      "useTypeDefinition": "Carries the descriptive characteristics of a real world entity.",
      "similarityToSource_FK": 1,
      "referenceSource": "S-101 IHO Electronic Navigational Chart Product Specification",
      "name": "Deep Water Route Part",
      "s4": "B-436.3;B-435.3;B-435;",
      "dateProposed": "2024-03-28",
      "idx": 733,
      "useType": 1,
      "definition": "An area of a deep water route within which ships proceed in the same direction.",
      "status": 2,
      "alias": "DWRTPT",
      "register_FK": 20,
      "useTypeName": "Geographic",
      "submittingMember_FK": 64,
      "int1": "M 27.1-2;",
      "reference": "Edition 1.0.0, Clause 15.14",
      "similarityToSource": "Identical",
      "referenceSource_FK": 346,
      "dateAccepted": "2024-03-28",
      "fc_FK": 949
    },
    {
      "proposedChange": "Add new recommended attribute fixedDateRange.",
      "referenceItem_FK": 676,
      "proposalStatus": 3,
      "P_shortName": "IHO Hydro",
      "remarks": "A complete Deep Water route (DW) system are composed of the features Deep Water Route Centreline, Deep Water Route Part and any associated navigation aids that comprise a complex Deep Water Route system.",
      "camelCase": "deepWaterRoute",
      "similarityToSourceDefinition": "The style of the definition has been changed to match the style and structure of other specifications in the register that has imported the specification.",
      "justification": "Correct inconsistency in S-101 data model.",
      "proposalType": 2,
      "submitStatus": 1,
      "organization": "IHO Secretariat",
      "useTypeDefinition": "Carries the descriptive characteristics of a real world entity.",
      "similarityToSource_FK": 1,
      "referenceSource": "Ship's Routeing",
      "name": "Deep Water Route",
      "s4": "B-435.3;",
      "dateProposed": "2024-03-28",
      "idx": 734,
      "useType": 1,
      "definition": "A route within defined limits which has been accurately surveyed for clearance of sea bottom and submerged obstacles as indicated on the chart.",
      "status": 2,
      "alias": "C_AGGR",
      "register_FK": 20,
      "useTypeName": "Geographic",
      "submittingMember_FK": 64,
      "int1": "M 27.1-3;",
      "reference": "8th Edition, 2003, Part A, clause 2.1.11",
      "similarityToSource": "Identical",
      "referenceSource_FK": 275,
      "dateAccepted": "2024-03-28",
      "fc_FK": 950
    },
    {
      "proposedChange": "Add complex attribute vesselSpeedLimit as a recommended attribute.",
      "referenceItem_FK": 677,
      "proposalStatus": 3,
      "P_shortName": "IHO Hydro",
      "remarks": "",
      "camelCase": "inshoreTrafficZone",
      "similarityToSourceDefinition": "The specification includes information about its context that is not explicit in the specification in the external source.",
      "justification": "Paper S-101PT12-05.1.1 and Decisions and Actions from S-101PT12.",
      "proposalType": 2,
      "submitStatus": 1,
      "organization": "IHO Secretariat",
      "useTypeDefinition": "Carries the descriptive characteristics of a real world entity.",
      "similarityToSource_FK": 2,
      "referenceSource": "Ship's Routeing",
      "name": "Inshore Traffic Zone",
      "s4": "B-435.1;",
      "dateProposed": "2024-03-28",
      "idx": 735,
      "useType": 1,
      "definition": "A routeing measure comprising a designated area between the landward boundary of a traffic separation scheme and the adjacent coast, to be used in accordance with the provisions of the International Regulations for Preventing Collisions at Sea.",
      "status": 2,
      "alias": "ISTZNE",
      "register_FK": 20,
      "useTypeName": "Geographic",
      "submittingMember_FK": 64,
      "int1": "M 25.1-2;",
      "reference": "8th Edition, Amended 2000, Part A clause 2.1.7",
      "similarityToSource": "Restyled",
      "referenceSource_FK": 275,
      "dateAccepted": "2024-03-28",
      "fc_FK": 951
    },
    {
      "proposedChange": "Add complex attribute vesselSpeedLimit as a recommended attribute.",
      "referenceItem_FK": 678,
      "proposalStatus": 3,
      "P_shortName": "IHO Hydro",
      "remarks": "",
      "camelCase": "precautionaryArea",
      "similarityToSourceDefinition": "The style of the definition has been changed to match the style and structure of other specifications in the register that has imported the specification.",
      "justification": "Paper S-101PT12-05.1.1 and Decisions and Actions from S-101PT12.",
      "proposalType": 2,
      "submitStatus": 1,
      "organization": "IHO Secretariat",
      "useTypeDefinition": "Carries the descriptive characteristics of a real world entity.",
      "similarityToSource_FK": 1,
      "referenceSource": "Ship's Routeing",
      "name": "Precautionary Area",
      "s4": "B-435.2;",
      "dateProposed": "2024-03-28",
      "idx": 736,
      "useType": 1,
      "definition": "A routeing measure comprising an area within defined limits where ships must navigate with particular caution and within which the direction of traffic flow may be recommended.",
      "status": 2,
      "alias": "PRCARE",
      "register_FK": 20,
      "useTypeName": "Geographic",
      "submittingMember_FK": 64,
      "int1": "M 24;M 16;",
      "reference": "8th Edition, 2003, clause 1.1.2",
      "similarityToSource": "Identical",
      "referenceSource_FK": 275,
      "dateAccepted": "2024-03-28",
      "fc_FK": 952
    },
    {
      "proposedChange": "Add complex attribute vesselSpeedLimit as a recommended attribute.",
      "referenceItem_FK": 679,
      "proposalStatus": 3,
      "P_shortName": "IHO Hydro",
      "remarks": "The complete traffic lane may consist of one or more lane parts depending on the shape of the lane.",
      "camelCase": "trafficSeparationSchemeLanePart",
      "similarityToSourceDefinition": "The style of the definition has been changed to match the style and structure of other specifications in the register that has imported the specification.",
      "justification": "Paper S-101PT12-05.1.1 and Decisions and Actions from S-101PT12.",
      "proposalType": 2,
      "submitStatus": 1,
      "organization": "IHO Secretariat",
      "useTypeDefinition": "Carries the descriptive characteristics of a real world entity.",
      "similarityToSource_FK": 1,
      "referenceSource": "Hydrographic Dictionary, Part I Volume I, English",
      "name": "Traffic Separation Scheme Lane Part",
      "s4": "B-435.1;",
      "dateProposed": "2024-03-28",
      "idx": 737,
      "useType": 1,
      "definition": "An area within defined limits in which one-way traffic is established. Natural obstacles, including those forming separation zones, may constitute a boundary.",
      "status": 2,
      "alias": "TSSLPT",
      "register_FK": 20,
      "useTypeName": "Geographic",
      "submittingMember_FK": 64,
      "int1": "M 22;M 20.1-3;",
      "reference": "https://portal.iho.int/iho-ohi/S32/engView.php?page=12&quick_filter=traffic+lane&quick_filter_operator=Equals",
      "similarityToSource": "Identical",
      "referenceSource_FK": 4,
      "dateAccepted": "2024-03-28",
      "fc_FK": 953
    },
    {
      "proposedChange": "Add complex attribute vesselSpeedLimit as a recommended attribute.",
      "referenceItem_FK": 682,
      "proposalStatus": 3,
      "P_shortName": "IHO Hydro",
      "remarks": "",
      "camelCase": "trafficSeparationSchemeCrossing",
      "similarityToSourceDefinition": "The style of the definition has been changed to match the style and structure of other specifications in the register that has imported the specification.",
      "justification": "Paper S-101PT12-05.1.1 and Decisions and Actions from S-101PT12.",
      "proposalType": 2,
      "submitStatus": 1,
      "organization": "IHO Secretariat",
      "useTypeDefinition": "Carries the descriptive characteristics of a real world entity.",
      "similarityToSource_FK": 1,
      "referenceSource": "IHO Transfer Standard for Digital Hydrographic Data, Appendix A: Object Catalogue - Description of the Feature Coding Schema to be Used for Hydrographic Requirements",
      "name": "Traffic Separation Scheme Crossing",
      "dateProposed": "2024-03-28",
      "idx": 738,
      "useType": 1,
      "definition": "A defined area where traffic lanes cross.",
      "status": 2,
      "alias": "TSSCRS",
      "register_FK": 20,
      "useTypeName": "Geographic",
      "submittingMember_FK": 64,
      "reference": "Chapter 1, Page 1.186",
      "similarityToSource": "Identical",
      "referenceSource_FK": 3,
      "dateAccepted": "2024-03-28",
      "fc_FK": 7400
    },
    {
      "proposedChange": "Add complex attribute vesselSpeedLimit as a recommended attribute.",
      "referenceItem_FK": 683,
      "proposalStatus": 3,
      "P_shortName": "IHO Hydro",
      "remarks": "",
      "camelCase": "trafficSeparationSchemeRoundabout",
      "similarityToSourceDefinition": "The style of the definition has been changed to match the style and structure of other specifications in the register that has imported the specification.",
      "justification": "Paper S-101PT12-05.1.1 and Decisions and Actions from S-101PT12.",
      "proposalType": 2,
      "submitStatus": 1,
      "organization": "IHO Secretariat",
      "useTypeDefinition": "Carries the descriptive characteristics of a real world entity.",
      "similarityToSource_FK": 1,
      "referenceSource": "Hydrographic Dictionary, Part I Volume I, English",
      "name": "Traffic Separation Scheme Roundabout",
      "dateProposed": "2024-03-28",
      "idx": 739,
      "useType": 1,
      "definition": "A routeing measure comprising a separation point or circular separation zone and a circular traffic lane within defined limits. Traffic within the roundabout is separated by moving in a counter-clockwise direction around the separation point or zone.",
      "status": 2,
      "alias": "Roundabout; TSSRON",
      "register_FK": 20,
      "useTypeName": "Geographic",
      "submittingMember_FK": 64,
      "reference": "https://portal.iho.int/iho-ohi/S32/engView.php?page=12&quick_filter=roundabout&quick_filter_operator=Equals",
      "similarityToSource": "Identical",
      "referenceSource_FK": 4,
      "dateAccepted": "2024-03-28",
      "fc_FK": 8691
    },
    {
      "proposedChange": "Add new recommended attribute fixedDateRange.",
      "referenceItem_FK": 684,
      "proposalStatus": 3,
      "P_shortName": "IHO Hydro",
      "remarks": "",
      "camelCase": "trafficSeparationScheme",
      "similarityToSourceDefinition": "The style of the definition has been changed to match the style and structure of other specifications in the register that has imported the specification.",
      "justification": "Correct inconsistency in S-101 data model.",
      "proposalType": 2,
      "submitStatus": 1,
      "organization": "IHO Secretariat",
      "useTypeDefinition": "Carries the descriptive characteristics of a real world entity.",
      "similarityToSource_FK": 1,
      "referenceSource": "Hydrographic Dictionary, Part I Volume I, English",
      "name": "Traffic Separation Scheme",
      "s4": "B-435.1-3;",
      "dateProposed": "2024-03-28",
      "idx": 740,
      "useType": 1,
      "definition": "A routeing measure aimed at the separation of opposing streams of traffic by appropriate means and by the establishment of traffic lanes.",
      "status": 2,
      "alias": "C_AGGR",
      "register_FK": 20,
      "useTypeName": "Geographic",
      "submittingMember_FK": 64,
      "int1": "M 29.1;M 20.1-27.3;",
      "reference": "https://portal.iho.int/iho-ohi/S32/engView.php?page=1&quick_filter=traffic+separation+scheme&quick_filter_operator=Equals",
      "similarityToSource": "Identical",
      "referenceSource_FK": 4,
      "dateAccepted": "2024-03-28",
      "fc_FK": 959
    },
    {
      "proposedChange": "Add complex attribute vesselSpeedLimit as a recommended attribute.",
      "referenceItem_FK": 647,
      "proposalStatus": 3,
      "P_shortName": "IHO Hydro",
      "remarks": "",
      "camelCase": "anchorageArea",
      "similarityToSourceDefinition": "The specification includes information about its context that is not explicit in the specification in the external source.",
      "justification": "Paper S-101PT12-05.1.1 and Decisions and Actions from S-101PT12.",
      "proposalType": 2,
      "submitStatus": 1,
      "organization": "IHO Secretariat",
      "useTypeDefinition": "Carries the descriptive characteristics of a real world entity.",
      "similarityToSource_FK": 2,
      "referenceSource": "Hydrographic Dictionary, Part I Volume I, English",
      "name": "Anchorage Area",
      "s4": "B-431.1;B-431.3;B-431.7;",
      "dateProposed": "2024-03-28",
      "idx": 741,
      "useType": 1,
      "definition": "An area in which vessels or seaplanes anchor or may anchor.",
      "status": 2,
      "alias": "ACHARE",
      "register_FK": 20,
      "useTypeName": "Geographic",
      "submittingMember_FK": 64,
      "int1": "N 10;N 14;Q 44;N 12.1-9;",
      "reference": "https://portal.iho.int/iho-ohi/S32/engView.php?page=2&quick_filter=anchorage&quick_filter_operator=Equals",
      "similarityToSource": "Restyled",
      "referenceSource_FK": 4,
      "dateAccepted": "2024-03-28",
      "fc_FK": 979
    },
    {
      "proposedChange": "Add complex attribute vesselSpeedLimit as a recommended attribute.",
      "referenceItem_FK": 309,
      "proposalStatus": 3,
      "P_shortName": "IHO Hydro",
      "remarks": "",
      "camelCase": "seaplaneLandingArea",
      "similarityToSourceDefinition": "The style of the definition has been changed to match the style and structure of other specifications in the register that has imported the specification.",
      "justification": "Paper S-101PT12-05.1.1 and Decisions and Actions from S-101PT12.",
      "proposalType": 2,
      "submitStatus": 1,
      "organization": "IHO Secretariat",
      "useTypeDefinition": "Carries the descriptive characteristics of a real world entity.",
      "similarityToSource_FK": 1,
      "referenceSource": "IHO Transfer Standard for Digital Hydrographic Data, Appendix A: Object Catalogue - Description of the Feature Coding Schema to be Used for Hydrographic Requirements",
      "name": "Seaplane Landing Area",
      "s4": "B-449.6;",
      "dateProposed": "2024-03-28",
      "idx": 742,
      "useType": 1,
      "definition": "A designated portion of water for the landing and take-off of seaplanes.",
      "status": 2,
      "alias": "SPLARE",
      "register_FK": 20,
      "useTypeName": "Geographic",
      "submittingMember_FK": 64,
      "int1": "N 13;",
      "reference": "Chapter 1, page 1.152",
      "similarityToSource": "Identical",
      "referenceSource_FK": 3,
      "dateAccepted": "2024-03-28",
      "fc_FK": 993
    },
    {
      "proposedChange": "Add complex attribute vesselSpeedLimit as a recommended attribute.",
      "referenceItem_FK": 310,
      "proposalStatus": 3,
      "P_shortName": "IHO Hydro",
      "remarks": "",
      "camelCase": "dumpingGround",
      "similarityToSourceDefinition": "The style of the definition has been changed to match the style and structure of other specifications in the register that has imported the specification.",
      "justification": "Paper S-101PT12-05.1.1 and Decisions and Actions from S-101PT12.",
      "proposalType": 2,
      "submitStatus": 1,
      "organization": "IHO Secretariat",
      "useTypeDefinition": "Carries the descriptive characteristics of a real world entity.",
      "similarityToSource_FK": 1,
      "referenceSource": "IHO Transfer Standard for Digital Hydrographic Data, Appendix A: Object Catalogue - Description of the Feature Coding Schema to be Used for Hydrographic Requirements",
      "name": "Dumping Ground",
      "s4": "B-446.1;B-446;B-442;",
      "dateProposed": "2024-03-28",
      "idx": 743,
      "useType": 1,
      "definition": "A sea area where dredged material or other potentially more harmful material, for example explosives, chemical waste, is deliberately deposited.",
      "status": 2,
      "alias": "DMPGRD",
      "register_FK": 20,
      "useTypeName": "Geographic",
      "submittingMember_FK": 64,
      "int1": "N 62.1-2;N 23-24;",
      "reference": "Chapter 1, Page 1.59",
      "similarityToSource": "Identical",
      "referenceSource_FK": 3,
      "dateAccepted": "2024-03-28",
      "fc_FK": 994
    },
    {
      "proposedChange": "Add complex attribute vesselSpeedLimit as a recommended attribute.",
      "referenceItem_FK": 311,
      "proposalStatus": 3,
      "P_shortName": "IHO Hydro",
      "remarks": "",
      "camelCase": "militaryPracticeArea",
      "similarityToSourceDefinition": "The specification includes information about its context that is not explicit in the specification in the external source.",
      "justification": "Paper S-101PT12-05.1.1 and Decisions and Actions from S-101PT12.",
      "proposalType": 2,
      "submitStatus": 1,
      "organization": "IHO Secretariat",
      "useTypeDefinition": "Carries the descriptive characteristics of a real world entity.",
      "similarityToSource_FK": 2,
      "referenceSource": "Hydrographic Dictionary, Part I Volume I, English",
      "name": "Military Practice Area",
      "dateProposed": "2024-03-28",
      "idx": 744,
      "useType": 1,
      "definition": "An area within which naval, military or aerial exercises are carried out.",
      "status": 2,
      "alias": "MIPARE; Exercise Area",
      "register_FK": 20,
      "useTypeName": "Geographic",
      "submittingMember_FK": 64,
      "reference": "https://portal.iho.int/iho-ohi/S32/engView.php?quick_filter=exercise+area&quick_filter_operator=Equals",
      "similarityToSource": "Restyled",
      "referenceSource_FK": 4,
      "dateAccepted": "2024-03-28",
      "fc_FK": 8693
    },
    {
      "proposedChange": "Add complex attribute vesselSpeedLimit as a recommended attribute.",
      "referenceItem_FK": 313,
      "proposalStatus": 3,
      "P_shortName": "IHO Hydro",
      "remarks": "The transhipment of cargo is often known as &apos;lightering&apos; and the area may be known as &apos;lightering area&apos; or &apos;cargo transfer area&apos;.",
      "camelCase": "cargoTranshipmentArea",
      "similarityToSourceDefinition": "The style of the definition has been changed to match the style and structure of other specifications in the register that has imported the specification.",
      "justification": "Paper S-101PT12-05.1.1 and Decisions and Actions from S-101PT12.",
      "proposalType": 2,
      "submitStatus": 1,
      "organization": "IHO Secretariat",
      "useTypeDefinition": "Carries the descriptive characteristics of a real world entity.",
      "similarityToSource_FK": 1,
      "referenceSource": "Hydrographic Dictionary, Part I Volume I, English",
      "name": "Cargo Transhipment Area",
      "dateProposed": "2024-03-28",
      "idx": 745,
      "useType": 1,
      "definition": "An area designated for transfer of cargo from one vessel to another sometimes in order to reduce a vessel&apos;s draught.",
      "status": 2,
      "alias": "CTSARE; Cargo Lightening Area; Cargo Transfer Area",
      "register_FK": 20,
      "useTypeName": "Geographic",
      "submittingMember_FK": 64,
      "reference": "https://portal.iho.int/iho-ohi/S32/engView.php?quick_filter=transhipment+or+lightening+area&quick_filter_operator=Equals",
      "similarityToSource": "Identical",
      "referenceSource_FK": 4,
      "dateAccepted": "2024-03-28",
      "fc_FK": 8696
    },
    {
      "proposedChange": "Add complex attribute vesselSpeedLimit as a recommended attribute.",
      "referenceItem_FK": 321,
      "proposalStatus": 3,
      "P_shortName": "IHO Hydro",
      "remarks": "",
      "camelCase": "fishingGround",
      "similarityToSourceDefinition": "The style of the definition has been changed to match the style and structure of other specifications in the register that has imported the specification.",
      "justification": "Paper S-101PT12-05.1.1 and Decisions and Actions from S-101PT12.",
      "proposalType": 2,
      "submitStatus": 1,
      "organization": "IHO Secretariat",
      "useTypeDefinition": "Carries the descriptive characteristics of a real world entity.",
      "similarityToSource_FK": 1,
      "referenceSource": "Hydrographic Dictionary, Part I Volume I, English",
      "name": "Fishing Ground",
      "dateProposed": "2024-03-28",
      "idx": 746,
      "useType": 1,
      "definition": "A water area in which fishing is frequently carried on.",
      "status": 2,
      "alias": "FSHGRD; Fishing Area; Fishing Zone",
      "register_FK": 20,
      "useTypeName": "Geographic",
      "submittingMember_FK": 64,
      "reference": "https://portal.iho.int/iho-ohi/S32/engView.php?quick_filter=fishing+ground&quick_filter_operator=Equals",
      "similarityToSource": "Identical",
      "referenceSource_FK": 4,
      "dateAccepted": "2024-03-28",
      "fc_FK": 8699
    },
    {
      "proposedChange": "Add complex attribute vesselSpeedLimit as a recommended attribute.",
      "referenceItem_FK": 324,
      "proposalStatus": 3,
      "P_shortName": "IHO Hydro",
      "remarks": "",
      "camelCase": "territorialSeaArea",
      "similarityToSourceDefinition": "The style of the definition has been changed to match the style and structure of other specifications in the register that has imported the specification.",
      "justification": "Paper S-101PT12-05.1.1 and Decisions and Actions from S-101PT12.",
      "proposalType": 2,
      "submitStatus": 1,
      "organization": "IHO Secretariat",
      "useTypeDefinition": "Carries the descriptive characteristics of a real world entity.",
      "similarityToSource_FK": 1,
      "referenceSource": "Hydrographic Dictionary, Part I Volume I, English",
      "name": "Territorial Sea Area",
      "s4": "B-440.5;",
      "dateProposed": "2024-03-28",
      "idx": 747,
      "useType": 1,
      "definition": "A belt of water of a defined breadth but not exceeding 12 nautical miles measured seaward from the territorial sea baseline.",
      "status": 2,
      "alias": "TESARE",
      "register_FK": 20,
      "useTypeName": "Geographic",
      "submittingMember_FK": 64,
      "int1": "N 43;",
      "reference": "https://portal.iho.int/iho-ohi/S32/engView.php?quick_filter=territorial+sea&quick_filter_operator=Equals",
      "similarityToSource": "Identical",
      "referenceSource_FK": 4,
      "dateAccepted": "2024-03-28",
      "fc_FK": 1032
    },
    {
      "proposedChange": "Add complex attribute vesselSpeedLimit as a recommended attribute.",
      "referenceItem_FK": 325,
      "proposalStatus": 3,
      "P_shortName": "IHO Hydro",
      "remarks": "",
      "camelCase": "submarineTransitLane",
      "similarityToSourceDefinition": "The style of the definition has been changed to match the style and structure of other specifications in the register that has imported the specification.",
      "justification": "Paper S-101PT12-05.1.1 and Decisions and Actions from S-101PT12.",
      "proposalType": 2,
      "submitStatus": 1,
      "organization": "IHO Secretariat",
      "useTypeDefinition": "Carries the descriptive characteristics of a real world entity.",
      "similarityToSource_FK": 1,
      "referenceSource": "Hydrographic Dictionary, Part I Volume I, English",
      "name": "Submarine Transit Lane",
      "s4": "B-441.5;",
      "dateProposed": "2024-03-28",
      "idx": 748,
      "useType": 1,
      "definition": "A lane where submarines may navigate under water or at the surface.",
      "status": 2,
      "alias": "SUBTLN",
      "register_FK": 20,
      "useTypeName": "Geographic",
      "submittingMember_FK": 64,
      "int1": "N 33;",
      "reference": "https://portal.iho.int/iho-ohi/S32/engView.php?page=2&quick_filter=submarine+transit+lane&quick_filter_operator=Equals",
      "similarityToSource": "Identical",
      "referenceSource_FK": 4,
      "dateAccepted": "2024-03-28",
      "fc_FK": 1033
    },
    {
      "proposedChange": "Add attribute communicationChannel as a recommended attribute.",
      "referenceItem_FK": 361,
      "proposalStatus": 3,
      "P_shortName": "IHO Hydro",
      "remarks": "",
      "camelCase": "pilotBoardingPlace",
      "similarityToSourceDefinition": "The style of the definition has been changed to match the style and structure of other specifications in the register that has imported the specification.",
      "justification": "Correct inconsistency in S-101 data model.",
      "proposalType": 2,
      "submitStatus": 1,
      "organization": "IHO Secretariat",
      "useTypeDefinition": "Carries the descriptive characteristics of a real world entity.",
      "similarityToSource_FK": 1,
      "referenceSource": "Defence Geospatial Information Working Group: Feature Data Dictionary Register",
      "name": "Pilot Boarding Place",
      "s4": "B-491.1-2;",
      "dateProposed": "2024-03-28",
      "idx": 749,
      "useType": 1,
      "definition": "A location offshore where a pilot may board a vessel in preparation to piloting it through local waters.",
      "status": 2,
      "alias": "PILBOP",
      "register_FK": 20,
      "useTypeName": "Geographic",
      "submittingMember_FK": 64,
      "int1": "T 1.1-4;",
      "reference": "2010 Baseline",
      "similarityToSource": "Identical",
      "referenceSource_FK": 330,
      "dateAccepted": "2024-03-28",
      "fc_FK": 1275
    },
    {
      "proposedChange": "Add complex attribute vesselSpeedLimit as a recommended attribute.",
      "referenceItem_FK": 367,
      "proposalStatus": 3,
      "P_shortName": "IHO Hydro",
      "remarks": "",
      "camelCase": "harbourFacility",
      "similarityToSourceDefinition": "The style of the definition has been changed to match the style and structure of other specifications in the register that has imported the specification.",
      "justification": "Paper S-101PT12-05.1.1 and Decisions and Actions from S-101PT12.",
      "proposalType": 2,
      "submitStatus": 1,
      "organization": "IHO Secretariat",
      "useTypeDefinition": "Carries the descriptive characteristics of a real world entity.",
      "similarityToSource_FK": 1,
      "referenceSource": "IHO Transfer Standard for Digital Hydrographic Data, Appendix A: Object Catalogue - Description of the Feature Coding Schema to be Used for Hydrographic Requirements",
      "name": "Harbour Facility",
      "s4": "B-321.5;B-320;",
      "dateProposed": "2024-03-28",
      "idx": 751,
      "useType": 1,
      "definition": "A harbour installation with a service or commercial operation of public interest.",
      "status": 2,
      "alias": "HRBFAC",
      "register_FK": 20,
      "useTypeName": "Geographic",
      "submittingMember_FK": 64,
      "int1": "F 50;F 11.1;F 10;",
      "reference": "Chapter 1, Page 1.81",
      "similarityToSource": "Identical",
      "referenceSource_FK": 3,
      "dateAccepted": "2024-03-28",
      "fc_FK": 1328
    }
  ],
  "resultCode": "000",
  "resultMsg": "Success",
  "count": 50
}