{
  "data": [
    {
      "value_type": 0,
      "proposedChange": "Add standard value to codelist",
      "proposalStatus": 3,
      "P_shortName": "IHO Hydro",
      "remarks": "",
      "camelCase": "voltage380V",
      "justification": "For S-131 Edition 2.0.0",
      "similarityToSourceDefinition": "No change has been made to the specification.",
      "proposalType": 1,
      "submitStatus": 1,
      "organization": "IHO (TWCWG)",
      "referenceSource": "IHO Nautical Information Provision Working Group",
      "name": "380V",
      "dateProposed": "2026-01-28",
      "idx": 3647,
      "definition": "380 Volts",
      "alias": "",
      "status": 2,
      "register_FK": 20,
      "combination_FK": 1374,
      "submittingMember_FK": 56,
      "reference": "",
      "similarityToSource": "Unspecified",
      "dateAccepted": "2026-01-29",
      "fc_FK": 9860
    },
    {
      "value_type": 0,
      "proposedChange": "Add new enumerate value.",
      "idx": 3610,
      "definition": "An international automatic direct-printing satellite-based service using Inmarsat C Enhanced Group Call (EGC) system for the promulgation of Maritime Safety Information (MSI), navigational and meteorological warnings, meteorological forecasts, Search and Rescue (SAR) related information and other urgent safety-related messages to ships.",
      "status": 2,
      "alias": "",
      "register_FK": 20,
      "proposalStatus": 3,
      "P_shortName": "IHO Hydro",
      "camelCase": "inmarsatSafetyNET",
      "remarks": "",
      "submittingMember_FK": 162,
      "similarityToSourceDefinition": "No change has been made to the specification.",
      "justification": "Required for S-123.",
      "proposalType": 1,
      "submitStatus": 1,
      "reference": "",
      "similarityToSource": "Unspecified",
      "organization": "IHO (WWNWS)",
      "dateAccepted": "2026-01-22",
      "referenceSource": "Unspecified",
      "name": "Inmarsat SafetyNET",
      "fc_FK": 9689,
      "dateProposed": "2026-01-20"
    },
    {
      "value_type": 0,
      "proposedChange": "Add new enumerate value.",
      "idx": 3611,
      "definition": "A service based on Iridium mobile-satellite system for the promulgation of Maritime Safety Information (MSI), navigational and meteorological warnings, meteorological forecasts, SAR-related information and other urgent safety-related messages to ships.",
      "status": 2,
      "alias": "",
      "register_FK": 20,
      "proposalStatus": 3,
      "P_shortName": "IHO Hydro",
      "camelCase": "iridiumSafetyCast",
      "remarks": "",
      "submittingMember_FK": 162,
      "similarityToSourceDefinition": "No change has been made to the specification.",
      "justification": "Required for S-123.",
      "proposalType": 1,
      "submitStatus": 1,
      "reference": "",
      "similarityToSource": "Unspecified",
      "organization": "IHO (WWNWS)",
      "dateAccepted": "2026-01-22",
      "referenceSource": "Unspecified",
      "name": "Iridium SafetyCast",
      "fc_FK": 9690,
      "dateProposed": "2026-01-20"
    },
    {
      "value_type": 0,
      "proposedChange": "Add new enumerate value.",
      "idx": 3612,
      "definition": "The type of Quality of Service (QoS) Flow or a QoS parameter that defines the minimum data rate that must be guaranteed for a specific service or traffic flow.",
      "status": 2,
      "alias": "",
      "register_FK": 20,
      "proposalStatus": 3,
      "P_shortName": "IHO Hydro",
      "camelCase": "guaranteedBitRate",
      "remarks": "",
      "submittingMember_FK": 162,
      "similarityToSourceDefinition": "No change has been made to the specification.",
      "justification": "Required for S-123.",
      "proposalType": 1,
      "submitStatus": 1,
      "reference": "",
      "similarityToSource": "Unspecified",
      "organization": "IHO (WWNWS)",
      "dateAccepted": "2026-01-22",
      "referenceSource": "Unspecified",
      "name": "Guaranteed Bit Rate",
      "fc_FK": 9698,
      "dateProposed": "2026-01-20"
    },
    {
      "value_type": 0,
      "proposedChange": "Add new enumerate value.",
      "idx": 3613,
      "definition": "The type of Quality of Service (QoS) Flow that does not provide the end-user a guaranteed flow bit rate,  typically used for non-time-sensitive applications, e.g., web browsing, buffered streaming, and instant messenger applications.",
      "status": 2,
      "alias": "",
      "register_FK": 20,
      "proposalStatus": 3,
      "P_shortName": "IHO Hydro",
      "camelCase": "nonGuaranteedBitRate",
      "remarks": "",
      "submittingMember_FK": 162,
      "similarityToSourceDefinition": "No change has been made to the specification.",
      "justification": "Required for S-123.",
      "proposalType": 1,
      "submitStatus": 1,
      "reference": "",
      "similarityToSource": "Unspecified",
      "organization": "IHO (WWNWS)",
      "dateAccepted": "2026-01-22",
      "referenceSource": "Unspecified",
      "name": "Non-Guaranteed Bit Rate",
      "fc_FK": 9699,
      "dateProposed": "2026-01-20"
    },
    {
      "value_type": 0,
      "proposedChange": "Add new enumerate value.",
      "idx": 3614,
      "definition": "The type of Quality of Service (QoS) Flow that provides latencies significantly lower than guaranteed flow bit rate. Typically used in mission critical application like automation or intelligent transportation systems.",
      "status": 2,
      "alias": "",
      "register_FK": 20,
      "proposalStatus": 3,
      "P_shortName": "IHO Hydro",
      "camelCase": "delayCriticalGuaranteedBitRate",
      "remarks": "",
      "submittingMember_FK": 162,
      "similarityToSourceDefinition": "No change has been made to the specification.",
      "justification": "Required for S-123.",
      "proposalType": 1,
      "submitStatus": 1,
      "reference": "",
      "similarityToSource": "Unspecified",
      "organization": "IHO (WWNWS)",
      "dateAccepted": "2026-01-22",
      "referenceSource": "Unspecified",
      "name": "Delay Critical Guaranteed Bit Rate",
      "fc_FK": 9700,
      "dateProposed": "2026-01-20"
    },
    {
      "value_type": 0,
      "proposedChange": "Add new enumerate value.",
      "idx": 3615,
      "definition": "The network or service that does not support quality of service, does its best to deliver packets, but does not guarantee delivery or control delay.",
      "status": 2,
      "alias": "",
      "register_FK": 20,
      "proposalStatus": 3,
      "P_shortName": "IHO Hydro",
      "camelCase": "bestEffort",
      "remarks": "",
      "submittingMember_FK": 162,
      "similarityToSourceDefinition": "No change has been made to the specification.",
      "justification": "Required for S-123.",
      "proposalType": 1,
      "submitStatus": 1,
      "reference": "",
      "similarityToSource": "Unspecified",
      "organization": "IHO (WWNWS)",
      "dateAccepted": "2026-01-22",
      "referenceSource": "Unspecified",
      "name": "Best Effort",
      "fc_FK": 9701,
      "dateProposed": "2026-01-20"
    },
    {
      "value_type": 0,
      "proposedChange": "Add new enumerate value.",
      "idx": 3616,
      "definition": "Communication using GEO (Geosynchronous Earth Orbit) satellites.",
      "status": 2,
      "alias": "",
      "register_FK": 20,
      "proposalStatus": 3,
      "P_shortName": "IHO Hydro",
      "camelCase": "satelliteCommunicationGEO",
      "remarks": "",
      "submittingMember_FK": 162,
      "similarityToSourceDefinition": "No change has been made to the specification.",
      "justification": "Required for S-123.",
      "proposalType": 1,
      "submitStatus": 1,
      "reference": "",
      "similarityToSource": "Unspecified",
      "organization": "IHO (WWNWS)",
      "dateAccepted": "2026-01-22",
      "referenceSource": "Unspecified",
      "name": "Satellite Communication GEO",
      "fc_FK": 9679,
      "dateProposed": "2026-01-20"
    },
    {
      "value_type": 0,
      "proposedChange": "Add new enumerate value.",
      "idx": 3617,
      "definition": "Communication using LEO (Low Earth Orbit) satellites.",
      "status": 2,
      "alias": "",
      "register_FK": 20,
      "proposalStatus": 3,
      "P_shortName": "IHO Hydro",
      "camelCase": "satelliteCommunicationLEO",
      "remarks": "",
      "submittingMember_FK": 162,
      "similarityToSourceDefinition": "No change has been made to the specification.",
      "justification": "Required for S-123.",
      "proposalType": 1,
      "submitStatus": 1,
      "reference": "",
      "similarityToSource": "Unspecified",
      "organization": "IHO (WWNWS)",
      "dateAccepted": "2026-01-22",
      "referenceSource": "Unspecified",
      "name": "Satellite Communication LEO",
      "fc_FK": 9680,
      "dateProposed": "2026-01-20"
    },
    {
      "value_type": 0,
      "proposedChange": "Add new enumerate value.",
      "idx": 3618,
      "definition": "Communication using ad-hoc networking, which uses whatever resources available to create communication paths from an end-user device to its desired destination, independent from central network infrastructure or administration.",
      "status": 2,
      "alias": "",
      "register_FK": 20,
      "proposalStatus": 3,
      "P_shortName": "IHO Hydro",
      "camelCase": "terrestrialAdHocCommunication",
      "remarks": "",
      "submittingMember_FK": 162,
      "similarityToSourceDefinition": "No change has been made to the specification.",
      "justification": "Required for S-123.",
      "proposalType": 1,
      "submitStatus": 1,
      "reference": "",
      "similarityToSource": "Unspecified",
      "organization": "IHO (WWNWS)",
      "dateAccepted": "2026-01-22",
      "referenceSource": "Unspecified",
      "name": "Terrestrial Ad-Hoc Communication",
      "fc_FK": 9682,
      "dateProposed": "2026-01-20"
    },
    {
      "value_type": 0,
      "proposedChange": "Add new enumerate value.",
      "idx": 3619,
      "definition": "The coordinated broadcast and automatic reception on 518 kHz of maritime safety information by means of narrow-band direct-printing telegraphy using the English language.",
      "status": 2,
      "alias": "",
      "register_FK": 20,
      "proposalStatus": 3,
      "P_shortName": "IHO Hydro",
      "camelCase": "internationalNAVTEX",
      "remarks": "",
      "submittingMember_FK": 162,
      "similarityToSourceDefinition": "No change has been made to the specification.",
      "justification": "Required for S-123.",
      "proposalType": 1,
      "submitStatus": 1,
      "reference": "",
      "similarityToSource": "Unspecified",
      "organization": "IHO (WWNWS)",
      "dateAccepted": "2026-01-22",
      "referenceSource": "IMO MSC.1/Circ.1403/Rev.2 NAVTEX Manual",
      "name": "International NAVTEX",
      "fc_FK": 9702,
      "dateProposed": "2026-01-20"
    },
    {
      "value_type": 0,
      "proposedChange": "Add new enumerate value.",
      "idx": 3620,
      "definition": "The broadcast and automatic reception of maritime safety information by means of narrow-band direct-printing telegraphy using frequencies other than 518 kHz and languages as decided by the Administration concerned.",
      "status": 2,
      "alias": "",
      "register_FK": 20,
      "proposalStatus": 3,
      "P_shortName": "IHO Hydro",
      "camelCase": "nationalNAVTEX",
      "remarks": "",
      "submittingMember_FK": 162,
      "similarityToSourceDefinition": "No change has been made to the specification.",
      "justification": "Required for S-123.",
      "proposalType": 1,
      "submitStatus": 1,
      "reference": "",
      "similarityToSource": "Unspecified",
      "organization": "IHO (WWNWS)",
      "dateAccepted": "2026-01-22",
      "referenceSource": "IMO MSC.1/Circ.1403/Rev.2 NAVTEX Manual",
      "name": "National NAVTEX",
      "fc_FK": 9703,
      "dateProposed": "2026-01-20"
    },
    {
      "value_type": 0,
      "proposedChange": "Add new enumerate value.",
      "idx": 3621,
      "definition": "Radio service using Digital Selective Calling (DSC) techniques.",
      "status": 2,
      "alias": "DSC",
      "register_FK": 20,
      "proposalStatus": 3,
      "P_shortName": "IHO Hydro",
      "camelCase": "digitalSelectiveCalling",
      "remarks": "",
      "submittingMember_FK": 162,
      "similarityToSourceDefinition": "No change has been made to the specification.",
      "justification": "Required for S-123.",
      "proposalType": 1,
      "submitStatus": 1,
      "reference": "",
      "similarityToSource": "Unspecified",
      "organization": "IHO (WWNWS)",
      "dateAccepted": "2026-01-22",
      "referenceSource": "Unspecified",
      "name": "Digital Selective Calling",
      "fc_FK": 9738,
      "dateProposed": "2026-01-20"
    },
    {
      "value_type": 0,
      "proposedChange": "Add new enumerate value.",
      "idx": 3622,
      "definition": "Radio service using Radio Telephony (RT).",
      "status": 2,
      "alias": "RT",
      "register_FK": 20,
      "proposalStatus": 3,
      "P_shortName": "IHO Hydro",
      "camelCase": "radioTelephony",
      "remarks": "",
      "submittingMember_FK": 162,
      "similarityToSourceDefinition": "No change has been made to the specification.",
      "justification": "Required for S-123.",
      "proposalType": 1,
      "submitStatus": 1,
      "reference": "",
      "similarityToSource": "Unspecified",
      "organization": "IHO (WWNWS)",
      "dateAccepted": "2026-01-22",
      "referenceSource": "Unspecified",
      "name": "Radio Telephony",
      "fc_FK": 9739,
      "dateProposed": "2026-01-20"
    },
    {
      "value_type": 0,
      "proposedChange": "Add new enumerate value.",
      "idx": 3623,
      "definition": "Radio service with the coast station providing a public correspondence service.",
      "status": 2,
      "alias": "PC",
      "register_FK": 20,
      "proposalStatus": 3,
      "P_shortName": "IHO Hydro",
      "camelCase": "publicCorrespondenceService",
      "remarks": "",
      "submittingMember_FK": 162,
      "similarityToSourceDefinition": "No change has been made to the specification.",
      "justification": "Required for S-123.",
      "proposalType": 1,
      "submitStatus": 1,
      "reference": "",
      "similarityToSource": "Unspecified",
      "organization": "IHO (WWNWS)",
      "dateAccepted": "2026-01-22",
      "referenceSource": "Unspecified",
      "name": "Public Correspondence Service",
      "fc_FK": 9740,
      "dateProposed": "2026-01-20"
    },
    {
      "value_type": 0,
      "proposedChange": "Add new enumerate value.",
      "idx": 3624,
      "definition": "Radio service using Radio Telegraphy (WT).",
      "status": 2,
      "alias": "WT",
      "register_FK": 20,
      "proposalStatus": 3,
      "P_shortName": "IHO Hydro",
      "camelCase": "radioTelegraphy",
      "remarks": "",
      "submittingMember_FK": 162,
      "similarityToSourceDefinition": "No change has been made to the specification.",
      "justification": "Required for S-123.",
      "proposalType": 1,
      "submitStatus": 1,
      "reference": "",
      "similarityToSource": "Unspecified",
      "organization": "IHO (WWNWS)",
      "dateAccepted": "2026-01-22",
      "referenceSource": "Unspecified",
      "name": "Radio Telegraphy",
      "fc_FK": 9741,
      "dateProposed": "2026-01-20"
    },
    {
      "value_type": 0,
      "proposedChange": "Add new enumerate value.",
      "idx": 3625,
      "definition": "Radio service using radio facsimile.",
      "status": 2,
      "alias": "",
      "register_FK": 20,
      "proposalStatus": 3,
      "P_shortName": "IHO Hydro",
      "camelCase": "radioFacsimile",
      "remarks": "",
      "submittingMember_FK": 162,
      "similarityToSourceDefinition": "No change has been made to the specification.",
      "justification": "Required for S-123.",
      "proposalType": 1,
      "submitStatus": 1,
      "reference": "",
      "similarityToSource": "Unspecified",
      "organization": "IHO (WWNWS)",
      "dateAccepted": "2026-01-22",
      "referenceSource": "Unspecified",
      "name": "Radio Facsimile",
      "fc_FK": 9742,
      "dateProposed": "2026-01-20"
    },
    {
      "value_type": 0,
      "proposedChange": "Add new enumerate value.",
      "idx": 3626,
      "definition": "A method of representing information by combinations of discrete and discontinuous data.",
      "status": 2,
      "alias": "",
      "register_FK": 20,
      "proposalStatus": 3,
      "P_shortName": "IHO Hydro",
      "camelCase": "digital",
      "remarks": "",
      "submittingMember_FK": 162,
      "similarityToSourceDefinition": "The style of the definition has been changed to match the style and structure of other specifications in the register that has imported the specification.",
      "justification": "Required for S-123.",
      "proposalType": 1,
      "submitStatus": 1,
      "reference": "https://portal.iho.int/iho-ohi/S32/engView.php?quick_filter=digital&quick_filter_operator=Equals",
      "similarityToSource": "Identical",
      "organization": "IHO (WWNWS)",
      "dateAccepted": "2026-01-22",
      "referenceSource": "Hydrographic Dictionary, Part I Volume I, English",
      "name": "Digital",
      "fc_FK": 4583,
      "dateProposed": "2026-01-20"
    },
    {
      "value_type": 0,
      "proposedChange": "Add new enumerate value.",
      "idx": 3627,
      "definition": "The system for broadcasting messages via the mobile satellite communications system operated by Inmarsat. EGC is a part of the Inmarsat-C system.",
      "status": 2,
      "alias": "EGC",
      "register_FK": 20,
      "proposalStatus": 3,
      "P_shortName": "IHO Hydro",
      "camelCase": "enhancedGroupCall",
      "remarks": "",
      "submittingMember_FK": 162,
      "similarityToSourceDefinition": "The style of the definition has been changed to match the style and structure of other specifications in the register that has imported the specification.",
      "justification": "Required for S-123.",
      "proposalType": 1,
      "submitStatus": 1,
      "reference": "https://portal.iho.int/iho-ohi/S32/engView.php?quick_filter=enhanced+group+call+(EGC)&quick_filter_operator=Equals",
      "similarityToSource": "Identical",
      "organization": "IHO (WWNWS)",
      "dateAccepted": "2026-01-22",
      "referenceSource": "Hydrographic Dictionary, Part I Volume I, English",
      "name": "Enhanced Group Call",
      "fc_FK": 9858,
      "dateProposed": "2026-01-20"
    },
    {
      "value_type": 0,
      "proposedChange": "Add new enumerate value.",
      "idx": 3628,
      "definition": "An automatic communication and identification system intended to improve the safety of navigation by assisting the efficient operation of Vessel Traffic Services (VTS), ship reporting, and ship-to-ship and ship-to-shore operations.",
      "status": 2,
      "alias": "AIS",
      "register_FK": 20,
      "proposalStatus": 3,
      "P_shortName": "IHO Hydro",
      "camelCase": "automaticIdentificationSystem",
      "remarks": "",
      "submittingMember_FK": 162,
      "similarityToSourceDefinition": "The style of the definition has been changed to match the style and structure of other specifications in the register that has imported the specification.",
      "justification": "Required for S-123.",
      "proposalType": 1,
      "submitStatus": 1,
      "reference": "https://portal.iho.int/iho-ohi/S32/engView.php?page=6&quick_filter=Automatic+Identification+System+(AIS)&quick_filter_operator=Equals",
      "similarityToSource": "Identical",
      "organization": "IHO (WWNWS)",
      "dateAccepted": "2026-01-22",
      "referenceSource": "Hydrographic Dictionary, Part I Volume I, English",
      "name": "Automatic Identification System",
      "fc_FK": 3598,
      "dateProposed": "2026-01-20"
    },
    {
      "value_type": 0,
      "proposedChange": "Add new enumerate value.",
      "idx": 3629,
      "definition": "Broadcast for special services or other application specific messages.",
      "status": 2,
      "alias": "",
      "register_FK": 20,
      "proposalStatus": 3,
      "P_shortName": "IHO Hydro",
      "camelCase": "specialServiceOrApplicationSpecificMessages",
      "remarks": "",
      "submittingMember_FK": 162,
      "similarityToSourceDefinition": "No change has been made to the specification.",
      "justification": "Required for S-123.",
      "proposalType": 1,
      "submitStatus": 1,
      "reference": "",
      "similarityToSource": "Unspecified",
      "organization": "IHO (WWNWS)",
      "dateAccepted": "2026-01-22",
      "referenceSource": "Unspecified",
      "name": "Special Service or Application Specific Messages",
      "fc_FK": 9697,
      "dateProposed": "2026-01-20"
    },
    {
      "value_type": 0,
      "proposedChange": "Add new enumerate value.",
      "idx": 3630,
      "definition": "Communication using a satellite system.",
      "status": 2,
      "alias": "",
      "register_FK": 20,
      "proposalStatus": 3,
      "P_shortName": "IHO Hydro",
      "camelCase": "satelliteCommunication",
      "remarks": "",
      "submittingMember_FK": 162,
      "similarityToSourceDefinition": "No change has been made to the specification.",
      "justification": "Required for S-123.",
      "proposalType": 1,
      "submitStatus": 1,
      "reference": "",
      "similarityToSource": "Unspecified",
      "organization": "IHO (WWNWS)",
      "dateAccepted": "2026-01-22",
      "referenceSource": "Unspecified",
      "name": "Satellite Communication",
      "fc_FK": 9713,
      "dateProposed": "2026-01-20"
    },
    {
      "value_type": 0,
      "proposedChange": "Add new enumerate value.",
      "idx": 3631,
      "definition": "A digital system referred to as navigational data for broadcasting maritime safety and security related information from shore-to-ship.",
      "status": 2,
      "alias": "NAVDAT",
      "register_FK": 20,
      "proposalStatus": 3,
      "P_shortName": "IHO Hydro",
      "camelCase": "navigationalDataSystem",
      "remarks": "",
      "submittingMember_FK": 162,
      "similarityToSourceDefinition": "No change has been made to the specification.",
      "justification": "Required for S-123.",
      "proposalType": 1,
      "submitStatus": 1,
      "reference": "",
      "similarityToSource": "Unspecified",
      "organization": "IHO (WWNWS)",
      "dateAccepted": "2026-01-22",
      "referenceSource": "Unspecified",
      "name": "Navigational Data System",
      "fc_FK": 9744,
      "dateProposed": "2026-01-20"
    },
    {
      "value_type": 0,
      "proposedChange": "Add new enumerate value.",
      "idx": 3632,
      "definition": "Radio frequencies between 30 kHz and 300 kHz",
      "status": 2,
      "alias": "",
      "register_FK": 20,
      "proposalStatus": 3,
      "P_shortName": "IHO Hydro",
      "camelCase": "lF",
      "remarks": "",
      "submittingMember_FK": 162,
      "similarityToSourceDefinition": "No change has been made to the specification.",
      "justification": "Required for S-123.",
      "proposalType": 1,
      "submitStatus": 1,
      "reference": "",
      "similarityToSource": "Unspecified",
      "organization": "IHO (WWNWS)",
      "dateAccepted": "2026-01-22",
      "referenceSource": "Unspecified",
      "name": "LF",
      "fc_FK": 9683,
      "dateProposed": "2026-01-20"
    },
    {
      "value_type": 0,
      "proposedChange": "Add new enumerate value.",
      "idx": 3633,
      "definition": "Radio frequencies between 300 kHz and 3000 kHz",
      "status": 2,
      "alias": "",
      "register_FK": 20,
      "proposalStatus": 3,
      "P_shortName": "IHO Hydro",
      "camelCase": "mF",
      "remarks": "",
      "submittingMember_FK": 162,
      "similarityToSourceDefinition": "No change has been made to the specification.",
      "justification": "Required for S-123.",
      "proposalType": 1,
      "submitStatus": 1,
      "reference": "",
      "similarityToSource": "Unspecified",
      "organization": "IHO (WWNWS)",
      "dateAccepted": "2026-01-22",
      "referenceSource": "Unspecified",
      "name": "MF",
      "fc_FK": 9684,
      "dateProposed": "2026-01-20"
    },
    {
      "value_type": 0,
      "proposedChange": "Add new enumerate value.",
      "idx": 3634,
      "definition": "Radio frequencies between 300 kHz and 30 MHz.",
      "status": 2,
      "alias": "",
      "register_FK": 20,
      "proposalStatus": 3,
      "P_shortName": "IHO Hydro",
      "camelCase": "mFHF",
      "remarks": "",
      "submittingMember_FK": 162,
      "similarityToSourceDefinition": "No change has been made to the specification.",
      "justification": "Required for S-123.",
      "proposalType": 1,
      "submitStatus": 1,
      "reference": "",
      "similarityToSource": "Unspecified",
      "organization": "IHO (WWNWS)",
      "dateAccepted": "2026-01-22",
      "referenceSource": "Unspecified",
      "name": "MF/HF",
      "fc_FK": 9685,
      "dateProposed": "2026-01-20"
    },
    {
      "value_type": 0,
      "proposedChange": "Add new enumerate value.",
      "idx": 3635,
      "definition": "Radio frequencies between 3 MHz and 30 MHz.",
      "status": 2,
      "alias": "",
      "register_FK": 20,
      "proposalStatus": 3,
      "P_shortName": "IHO Hydro",
      "camelCase": "hF",
      "remarks": "",
      "submittingMember_FK": 162,
      "similarityToSourceDefinition": "No change has been made to the specification.",
      "justification": "Required for S-123.",
      "proposalType": 1,
      "submitStatus": 1,
      "reference": "",
      "similarityToSource": "Unspecified",
      "organization": "IHO (WWNWS)",
      "dateAccepted": "2026-01-22",
      "referenceSource": "Unspecified",
      "name": "HF",
      "fc_FK": 9686,
      "dateProposed": "2026-01-20"
    },
    {
      "value_type": 0,
      "proposedChange": "Add new enumerate value.",
      "idx": 3636,
      "definition": "Radio frequencies between 30 MHz and 300 MHz.",
      "status": 2,
      "alias": "",
      "register_FK": 20,
      "proposalStatus": 3,
      "P_shortName": "IHO Hydro",
      "camelCase": "vHF",
      "remarks": "",
      "submittingMember_FK": 162,
      "similarityToSourceDefinition": "No change has been made to the specification.",
      "justification": "Required for S-123.",
      "proposalType": 1,
      "submitStatus": 1,
      "reference": "",
      "similarityToSource": "Unspecified",
      "organization": "IHO (WWNWS)",
      "dateAccepted": "2026-01-22",
      "referenceSource": "Unspecified",
      "name": "VHF",
      "fc_FK": 9687,
      "dateProposed": "2026-01-20"
    },
    {
      "value_type": 0,
      "proposedChange": "Add new enumerate value.",
      "idx": 3637,
      "definition": "Radio frequencies between 300 MHz and 3 GHz.",
      "status": 2,
      "alias": "",
      "register_FK": 20,
      "proposalStatus": 3,
      "P_shortName": "IHO Hydro",
      "camelCase": "uHF",
      "remarks": "",
      "submittingMember_FK": 162,
      "similarityToSourceDefinition": "No change has been made to the specification.",
      "justification": "Required for S-123.",
      "proposalType": 1,
      "submitStatus": 1,
      "reference": "",
      "similarityToSource": "Unspecified",
      "organization": "IHO (WWNWS)",
      "dateAccepted": "2026-01-22",
      "referenceSource": "Unspecified",
      "name": "UHF",
      "fc_FK": 9688,
      "dateProposed": "2026-01-20"
    },
    {
      "value_type": 0,
      "proposedChange": "Add new enumerate value.",
      "idx": 3638,
      "definition": "Marine meteorological warning and forecast information in accordance with the provisions of the International Convention for the Safety of Life at Sea, 1974.",
      "status": 2,
      "alias": "",
      "register_FK": 20,
      "proposalStatus": 3,
      "P_shortName": "IHO Hydro",
      "camelCase": "meteorologicalWarningsAndForecasts",
      "remarks": "",
      "submittingMember_FK": 162,
      "similarityToSourceDefinition": "No change has been made to the specification.",
      "justification": "Required for S-123.",
      "proposalType": 1,
      "submitStatus": 1,
      "reference": "",
      "similarityToSource": "Unspecified",
      "organization": "IHO (WWNWS)",
      "dateAccepted": "2026-01-22",
      "referenceSource": "Unspecified",
      "name": "Meteorological Warnings and Forecasts",
      "fc_FK": 9692,
      "dateProposed": "2026-01-20"
    },
    {
      "value_type": 0,
      "proposedChange": "Add new enumerate value.",
      "idx": 3639,
      "definition": "Security-related requirements in accordance to International Ship and Port Facility Security (ISPS) Code, or warnings related to acts of piracy and armed robbery against ships.",
      "status": 2,
      "alias": "",
      "register_FK": 20,
      "proposalStatus": 3,
      "P_shortName": "IHO Hydro",
      "camelCase": "marineSecurityOrPiracyWarnings",
      "remarks": "",
      "submittingMember_FK": 162,
      "similarityToSourceDefinition": "No change has been made to the specification.",
      "justification": "Required for S-123.",
      "proposalType": 1,
      "submitStatus": 1,
      "reference": "",
      "similarityToSource": "Unspecified",
      "organization": "IHO (WWNWS)",
      "dateAccepted": "2026-01-22",
      "referenceSource": "Unspecified",
      "name": "Marine Security or Piracy Warnings",
      "fc_FK": 9693,
      "dateProposed": "2026-01-20"
    },
    {
      "value_type": 0,
      "proposedChange": "Add new enumerate value.",
      "idx": 3640,
      "definition": "Warnings related to tsunamis and other natural phenomena, such as abnormal changes to sea level.",
      "status": 2,
      "alias": "",
      "register_FK": 20,
      "proposalStatus": 3,
      "P_shortName": "IHO Hydro",
      "camelCase": "tsunamisOrNaturalPhenomenaWarnings",
      "remarks": "",
      "submittingMember_FK": 162,
      "similarityToSourceDefinition": "No change has been made to the specification.",
      "justification": "Required for S-123.",
      "proposalType": 1,
      "submitStatus": 1,
      "reference": "",
      "similarityToSource": "Unspecified",
      "organization": "IHO (WWNWS)",
      "dateAccepted": "2026-01-22",
      "referenceSource": "Unspecified",
      "name": "Tsunamis or Natural Phenomena Warnings",
      "fc_FK": 9694,
      "dateProposed": "2026-01-20"
    },
    {
      "value_type": 0,
      "proposedChange": "Add new enumerate value.",
      "idx": 3641,
      "definition": "Messages related to pilot and VTS service, such as temporary alterations, movement or suspension to pilot or VTS services.",
      "status": 2,
      "alias": "",
      "register_FK": 20,
      "proposalStatus": 3,
      "P_shortName": "IHO Hydro",
      "camelCase": "pilotAndVTSServiceMessages",
      "remarks": "",
      "submittingMember_FK": 162,
      "similarityToSourceDefinition": "No change has been made to the specification.",
      "justification": "Required for S-123.",
      "proposalType": 1,
      "submitStatus": 1,
      "reference": "",
      "similarityToSource": "Unspecified",
      "organization": "IHO (WWNWS)",
      "dateAccepted": "2026-01-22",
      "referenceSource": "Unspecified",
      "name": "Pilot and VTS Service Messages",
      "fc_FK": 9695,
      "dateProposed": "2026-01-20"
    },
    {
      "value_type": 0,
      "proposedChange": "Add new enumerate value.",
      "idx": 3642,
      "definition": "Information concerning military events, such as military exercises, missile firings.",
      "status": 2,
      "alias": "",
      "register_FK": 20,
      "proposalStatus": 3,
      "P_shortName": "IHO Hydro",
      "camelCase": "militaryInformation",
      "remarks": "",
      "submittingMember_FK": 162,
      "similarityToSourceDefinition": "No change has been made to the specification.",
      "justification": "Required for S-123.",
      "proposalType": 1,
      "submitStatus": 1,
      "reference": "",
      "similarityToSource": "Unspecified",
      "organization": "IHO (WWNWS)",
      "dateAccepted": "2026-01-22",
      "referenceSource": "Unspecified",
      "name": "Military Information",
      "fc_FK": 9696,
      "dateProposed": "2026-01-20"
    },
    {
      "value_type": 0,
      "proposedChange": "New listed value for category of shore power facility",
      "proposalStatus": 3,
      "P_shortName": "IHO Hydro",
      "remarks": "",
      "camelCase": "hybridShorePowerSystem",
      "justification": "For S-131 Edition 2.0.0",
      "similarityToSourceDefinition": "No change has been made to the specification.",
      "proposalType": 1,
      "submitStatus": 1,
      "organization": "IHO (TWCWG)",
      "referenceSource": "IHO Nautical Information Provision Working Group",
      "name": "Hybrid Shore Power System",
      "dateProposed": "2025-12-26",
      "idx": 3609,
      "definition": "Delivers power to vessels using high-voltage (for example, 10kV and above) and low-voltage outputs or simultaneous provision of dual-voltage power.",
      "alias": "",
      "status": 2,
      "register_FK": 20,
      "combination_FK": 1333,
      "submittingMember_FK": 56,
      "reference": "",
      "similarityToSource": "Unspecified",
      "dateAccepted": "2026-01-19",
      "fc_FK": 9859
    },
    {
      "value_type": 0,
      "proposedChange": "Add listed value",
      "idx": 3568,
      "definition": "Only vessels of the specified characteristics may use the facility, waterway, or service.",
      "status": 2,
      "alias": "",
      "register_FK": 20,
      "proposalStatus": 3,
      "P_shortName": "IHO Hydro",
      "camelCase": "exclusivelyPermitted",
      "remarks": "",
      "submittingMember_FK": 56,
      "similarityToSourceDefinition": "No change has been made to the specification.",
      "justification": "For S-127 Edition 2.0.0",
      "proposalType": 1,
      "submitStatus": 1,
      "reference": "",
      "similarityToSource": "Unspecified",
      "organization": "IHO (TWCWG)",
      "dateAccepted": "2025-12-14",
      "referenceSource": "IHO Nautical Information Provision Working Group",
      "name": "Exclusively Permitted",
      "fc_FK": 9797,
      "dateProposed": "2025-12-12"
    },
    {
      "value_type": 0,
      "proposedChange": "New listed value",
      "proposalStatus": 3,
      "P_shortName": "IHO Hydro",
      "remarks": "",
      "camelCase": "iMOShipReportingFormatA",
      "justification": "For S-127",
      "similarityToSourceDefinition": "No change has been made to the specification.",
      "proposalType": 1,
      "submitStatus": 1,
      "organization": "IHO (TWCWG)",
      "referenceSource": "IMO Res. A.851(20)",
      "name": "IMO Ship Reporting Format A",
      "dateProposed": "2025-12-12",
      "idx": 3569,
      "definition": "IMO Ship Reporting Format A-Ship (alpha); Information required: Name, call sign or ship station identity, and flag",
      "alias": "",
      "status": 2,
      "register_FK": 20,
      "combination_FK": 1322,
      "submittingMember_FK": 56,
      "reference": "",
      "similarityToSource": "Unspecified",
      "dateAccepted": "2025-12-14",
      "fc_FK": 9746
    },
    {
      "value_type": 0,
      "proposedChange": "New listed value",
      "idx": 3570,
      "definition": "IMO Ship Reporting Format B-Time (bravo); Information required: A 6-digit group giving day of month (first two digits), hours and minutes (last four digits). If other than UTC state time zone used",
      "status": 2,
      "alias": "",
      "register_FK": 20,
      "combination_FK": 1322,
      "proposalStatus": 3,
      "P_shortName": "IHO Hydro",
      "camelCase": "iMOShipReportingFormatB",
      "submittingMember_FK": 56,
      "similarityToSourceDefinition": "No change has been made to the specification.",
      "justification": "For S-127",
      "proposalType": 1,
      "submitStatus": 1,
      "reference": "",
      "similarityToSource": "Unspecified",
      "organization": "IHO (TWCWG)",
      "dateAccepted": "2025-12-14",
      "referenceSource": "IMO Res. A.851(20)",
      "name": "IMO Ship Reporting Format B",
      "fc_FK": 9772,
      "dateProposed": "2025-12-12"
    },
    {
      "value_type": 0,
      "proposedChange": "New listed value",
      "idx": 3571,
      "definition": "IMO Ship Reporting Format C-Position (charlie); Information required: A 4-digit group giving latitude in degrees and minutes suffixed with N (north) or S (south) and a 5-digit group giving longitude in degrees and minutes suffixed with E (east) or W (west)",
      "status": 2,
      "register_FK": 20,
      "combination_FK": 1322,
      "proposalStatus": 3,
      "P_shortName": "IHO Hydro",
      "camelCase": "iMOShipReportingFormatC",
      "submittingMember_FK": 56,
      "similarityToSourceDefinition": "No change has been made to the specification.",
      "justification": "For S-127",
      "proposalType": 1,
      "reference": "",
      "submitStatus": 1,
      "similarityToSource": "Unspecified",
      "organization": "IHO (TWCWG)",
      "dateAccepted": "2025-12-14",
      "referenceSource": "IMO Res. A.851(20)",
      "name": "IMO Ship Reporting Format C",
      "fc_FK": 9773,
      "dateProposed": "2025-12-12"
    },
    {
      "value_type": 0,
      "proposedChange": "New listed value",
      "idx": 3572,
      "definition": "IMO Ship Reporting Format D-Position (delta); Information required: True bearing (first 3-digits) and distance (state distance) in nautical miles from a clearly identified landmark (state landmark)",
      "status": 2,
      "register_FK": 20,
      "combination_FK": 1322,
      "proposalStatus": 3,
      "P_shortName": "IHO Hydro",
      "camelCase": "iMOShipReportingFormatD",
      "submittingMember_FK": 56,
      "similarityToSourceDefinition": "No change has been made to the specification.",
      "justification": "For S-127",
      "proposalType": 1,
      "reference": "",
      "submitStatus": 1,
      "similarityToSource": "Unspecified",
      "organization": "IHO (TWCWG)",
      "dateAccepted": "2025-12-14",
      "referenceSource": "IMO Res. A.851(20)",
      "name": "IMO Ship Reporting Format D",
      "fc_FK": 9774,
      "dateProposed": "2025-12-12"
    },
    {
      "value_type": 0,
      "proposedChange": "New value",
      "idx": 3573,
      "definition": "IMO Ship Reporting Format E-Course (echo); Information required: True course, a 3-digit group",
      "status": 2,
      "register_FK": 20,
      "combination_FK": 1322,
      "proposalStatus": 3,
      "P_shortName": "IHO Hydro",
      "camelCase": "iMOShipReportingFormatE",
      "submittingMember_FK": 56,
      "similarityToSourceDefinition": "No change has been made to the specification.",
      "justification": "For S-127",
      "proposalType": 1,
      "reference": "",
      "submitStatus": 1,
      "similarityToSource": "Unspecified",
      "organization": "IHO (TWCWG)",
      "dateAccepted": "2025-12-14",
      "referenceSource": "IMO Res. A.851(20)",
      "name": "IMO Ship Reporting Format E",
      "fc_FK": 9775,
      "dateProposed": "2025-12-12"
    },
    {
      "value_type": 0,
      "proposedChange": "New value",
      "idx": 3574,
      "definition": "IMO Ship Reporting Format F-Speed (foxtrot); Information required: Speed in knots and tenths of knots, a 3-digit group",
      "status": 2,
      "register_FK": 20,
      "combination_FK": 1322,
      "proposalStatus": 3,
      "P_shortName": "IHO Hydro",
      "camelCase": "iMOShipReportingFormatF",
      "submittingMember_FK": 56,
      "similarityToSourceDefinition": "No change has been made to the specification.",
      "justification": "For S-127",
      "proposalType": 1,
      "reference": "",
      "submitStatus": 1,
      "similarityToSource": "Unspecified",
      "organization": "IHO (TWCWG)",
      "dateAccepted": "2025-12-14",
      "referenceSource": "IMO Res. A.851(20)",
      "name": "IMO Ship Reporting Format F",
      "fc_FK": 9776,
      "dateProposed": "2025-12-12"
    },
    {
      "value_type": 0,
      "proposedChange": "new value",
      "idx": 3575,
      "definition": "IMO Ship Reporting Format G-Departed (golf); Information required: Name of last port of call",
      "status": 2,
      "register_FK": 20,
      "combination_FK": 1322,
      "proposalStatus": 3,
      "P_shortName": "IHO Hydro",
      "camelCase": "iMOShipReportingFormatG",
      "submittingMember_FK": 56,
      "similarityToSourceDefinition": "No change has been made to the specification.",
      "justification": "for s-127",
      "proposalType": 1,
      "reference": "",
      "submitStatus": 1,
      "similarityToSource": "Unspecified",
      "organization": "IHO (TWCWG)",
      "dateAccepted": "2025-12-14",
      "referenceSource": "IMO Res. A.851(20)",
      "name": "IMO Ship Reporting Format G",
      "fc_FK": 9777,
      "dateProposed": "2025-12-12"
    },
    {
      "value_type": 0,
      "proposedChange": "new",
      "idx": 3576,
      "definition": "IMO Ship Reporting Format H-Entry (hotel); Information required: Entry time expressed as in (B) and entry position expressed as in (C) or (D)",
      "status": 2,
      "register_FK": 20,
      "combination_FK": 1322,
      "proposalStatus": 3,
      "P_shortName": "IHO Hydro",
      "camelCase": "iMOShipReportingFormatH",
      "submittingMember_FK": 56,
      "similarityToSourceDefinition": "No change has been made to the specification.",
      "justification": "for S-127",
      "proposalType": 1,
      "reference": "",
      "submitStatus": 1,
      "similarityToSource": "Unspecified",
      "organization": "IHO (TWCWG)",
      "dateAccepted": "2025-12-14",
      "referenceSource": "IMO Res. A.851(20)",
      "name": "IMO Ship Reporting Format H",
      "fc_FK": 9778,
      "dateProposed": "2025-12-12"
    },
    {
      "value_type": 0,
      "proposedChange": "new value",
      "idx": 3577,
      "definition": "IMO Ship Reporting Format I-Destination and ETA (india); Information required: Name of port and date time group expressed as in (B)",
      "status": 2,
      "register_FK": 20,
      "combination_FK": 1322,
      "proposalStatus": 3,
      "P_shortName": "IHO Hydro",
      "camelCase": "iMOShipReportingFormatI",
      "submittingMember_FK": 56,
      "similarityToSourceDefinition": "No change has been made to the specification.",
      "justification": "for s-127",
      "proposalType": 1,
      "reference": "",
      "submitStatus": 1,
      "similarityToSource": "Unspecified",
      "organization": "IHO (TWCWG)",
      "dateAccepted": "2025-12-14",
      "referenceSource": "IMO Res. A.851(20)",
      "name": "IMO Ship Reporting Format I",
      "fc_FK": 9779,
      "dateProposed": "2025-12-12"
    },
    {
      "value_type": 0,
      "proposedChange": "new value",
      "idx": 3578,
      "definition": "IMO Ship Reporting Format J-Pilot (juliet); Information required: State whether a deep-sea or local pilot is on board",
      "status": 2,
      "register_FK": 20,
      "combination_FK": 1322,
      "proposalStatus": 3,
      "P_shortName": "IHO Hydro",
      "camelCase": "iMOShipReportingFormatJ",
      "submittingMember_FK": 56,
      "similarityToSourceDefinition": "No change has been made to the specification.",
      "justification": "for s-127",
      "proposalType": 1,
      "reference": "",
      "submitStatus": 1,
      "similarityToSource": "Unspecified",
      "organization": "IHO (TWCWG)",
      "dateAccepted": "2025-12-14",
      "referenceSource": "IMO Res. A.851(20)",
      "name": "IMO Ship Reporting Format J",
      "fc_FK": 9780,
      "dateProposed": "2025-12-12"
    },
    {
      "value_type": 0,
      "proposedChange": "new value",
      "idx": 3579,
      "definition": "IMO Ship Reporting Format K-Exit (kilo); Information required: Exit time expressed as in (B) and exit position expressed as in (C) or (D)",
      "status": 2,
      "register_FK": 20,
      "combination_FK": 1322,
      "proposalStatus": 3,
      "P_shortName": "IHO Hydro",
      "camelCase": "iMOShipReportingFormatK",
      "submittingMember_FK": 56,
      "similarityToSourceDefinition": "No change has been made to the specification.",
      "justification": "for s-127",
      "proposalType": 1,
      "reference": "",
      "submitStatus": 1,
      "similarityToSource": "Unspecified",
      "organization": "IHO (TWCWG)",
      "dateAccepted": "2025-12-14",
      "referenceSource": "IMO Res. A.851(20)",
      "name": "IMO Ship Reporting Format K",
      "fc_FK": 9781,
      "dateProposed": "2025-12-12"
    },
    {
      "value_type": 0,
      "proposedChange": "new value",
      "idx": 3580,
      "definition": "IMO Ship Reporting Format L-Route (lima); Information required: Intended track",
      "status": 2,
      "register_FK": 20,
      "combination_FK": 1322,
      "proposalStatus": 3,
      "P_shortName": "IHO Hydro",
      "camelCase": "iMOShipReportingFormatL",
      "submittingMember_FK": 56,
      "similarityToSourceDefinition": "No change has been made to the specification.",
      "justification": "for s-127",
      "proposalType": 1,
      "reference": "",
      "submitStatus": 1,
      "similarityToSource": "Unspecified",
      "organization": "IHO (TWCWG)",
      "dateAccepted": "2025-12-14",
      "referenceSource": "IMO Res. A.851(20)",
      "name": "IMO Ship Reporting Format L",
      "fc_FK": 9782,
      "dateProposed": "2025-12-12"
    },
    {
      "value_type": 0,
      "proposedChange": "new value",
      "idx": 3581,
      "definition": "IMO Ship Reporting Format Q-Defect, damage, deficiency, limitations (quebec); Information required: Brief details of defects, damage, deficiencies or other limitations (See detailed reporting requirements)",
      "status": 2,
      "register_FK": 20,
      "combination_FK": 1322,
      "proposalStatus": 3,
      "P_shortName": "IHO Hydro",
      "camelCase": "iMOShipReportingFormatQ",
      "submittingMember_FK": 56,
      "similarityToSourceDefinition": "No change has been made to the specification.",
      "justification": "for s-127",
      "proposalType": 1,
      "reference": "",
      "submitStatus": 1,
      "similarityToSource": "Unspecified",
      "organization": "IHO (TWCWG)",
      "dateAccepted": "2025-12-14",
      "referenceSource": "IMO Res. A.851(20)",
      "name": "IMO Ship Reporting Format Q",
      "fc_FK": 9787,
      "dateProposed": "2025-12-12"
    },
    {
      "value_type": 0,
      "proposedChange": "new value",
      "idx": 3582,
      "definition": "IMO Ship Reporting Format M-Radio communications (mike); Information required: State in full names of stations/frequencies guarded",
      "status": 2,
      "register_FK": 20,
      "combination_FK": 1322,
      "proposalStatus": 3,
      "P_shortName": "IHO Hydro",
      "camelCase": "iMOShipReportingFormatM",
      "submittingMember_FK": 56,
      "similarityToSourceDefinition": "No change has been made to the specification.",
      "justification": "for s-127",
      "proposalType": 1,
      "reference": "",
      "submitStatus": 1,
      "similarityToSource": "Unspecified",
      "organization": "IHO (TWCWG)",
      "dateAccepted": "2025-12-14",
      "referenceSource": "IMO Res. A.851(20)",
      "name": "IMO Ship Reporting Format M",
      "fc_FK": 9783,
      "dateProposed": "2025-12-12"
    }
  ],
  "resultCode": "000",
  "resultMsg": "Success",
  "count": 50
}