{
  "data": [
    {
      "value_type": 1,
      "proposedChange": "Add codelist value",
      "proposalStatus": 3,
      "P_shortName": "IHO Hydro",
      "remarks": "",
      "camelCase": "scientificResearch",
      "justification": "For S-122 Edition 2.0.0",
      "similarityToSourceDefinition": "No change has been made to the specification.",
      "proposalType": 1,
      "submitStatus": 1,
      "organization": "IHO (TWCWG)",
      "referenceSource": "IHO Nautical Information Provision Working Group",
      "name": "Scientific Research",
      "dateProposed": "2026-01-28",
      "idx": 3643,
      "definition": "The conduct of observational, sampling, or experimental activities by authorised personnel to collect scientific or environmental data, which may involve the deployment of scientific instruments, collection of biological or geological samples, or in-water survey operations.",
      "alias": "",
      "status": 2,
      "register_FK": 20,
      "combination_FK": 1373,
      "submittingMember_FK": 56,
      "reference": "",
      "similarityToSource": "Unspecified",
      "dateAccepted": "2026-01-29",
      "fc_FK": 9862
    },
    {
      "value_type": 1,
      "proposedChange": "Add value to codelist",
      "proposalStatus": 3,
      "P_shortName": "IHO Hydro",
      "remarks": "",
      "camelCase": "tourism",
      "justification": "For S-122 Edition 2.0.0",
      "similarityToSourceDefinition": "No change has been made to the specification.",
      "proposalType": 1,
      "submitStatus": 1,
      "organization": "IHO (TWCWG)",
      "referenceSource": "IHO Nautical Information Provision Working Group",
      "name": "Tourism",
      "dateProposed": "2026-01-28",
      "idx": 3644,
      "definition": "Organised recreational visitation and leisure activities in marine areas, including sight-seeing, wildlife observation, glass-bottom vessel tours, and guided nature excursions conducted by commercial or permitted operators.",
      "alias": "",
      "status": 2,
      "register_FK": 20,
      "combination_FK": 1373,
      "submittingMember_FK": 56,
      "reference": "",
      "similarityToSource": "Unspecified",
      "dateAccepted": "2026-01-29",
      "fc_FK": 9863
    },
    {
      "value_type": 1,
      "proposedChange": "Add codelist value",
      "proposalStatus": 3,
      "P_shortName": "IHO Hydro",
      "remarks": "",
      "camelCase": "education",
      "justification": "For S-122 edition 2.0.0",
      "similarityToSourceDefinition": "No change has been made to the specification.",
      "proposalType": 1,
      "submitStatus": 1,
      "organization": "IHO (TWCWG)",
      "referenceSource": "IHO Nautical Information Provision Working Group",
      "name": "Education",
      "dateProposed": "2026-01-28",
      "idx": 3645,
      "definition": "Structured activities conducted for training, awareness, or interpretive purposes involving groups or individuals learning about the marine environment, including guided educational programs, school activities, and field instruction conducted within designated marine areas.",
      "alias": "",
      "status": 2,
      "register_FK": 20,
      "combination_FK": 1373,
      "submittingMember_FK": 56,
      "reference": "",
      "similarityToSource": "Unspecified",
      "dateAccepted": "2026-01-29",
      "fc_FK": 9864
    },
    {
      "value_type": 1,
      "proposedChange": "Add codelist value",
      "proposalStatus": 3,
      "P_shortName": "IHO Hydro",
      "remarks": "",
      "camelCase": "infrastructureMaintenance",
      "justification": "For S-122 Edition 2.0.0",
      "similarityToSourceDefinition": "No change has been made to the specification.",
      "proposalType": 1,
      "submitStatus": 1,
      "organization": "IHO (TWCWG)",
      "referenceSource": "IHO Nautical Information Provision Working Group",
      "name": "Infrastructure Maintenance",
      "dateProposed": "2026-01-28",
      "idx": 3646,
      "definition": "Inspection, repair, or upkeep of existing marine or coastal infrastructure such as wharves, piers, pipelines, moorings, subsea cables, navigational aids, or coastal protection structures, including minor works that do not expand the original footprint.",
      "alias": "",
      "status": 2,
      "register_FK": 20,
      "combination_FK": 1373,
      "submittingMember_FK": 56,
      "reference": "",
      "similarityToSource": "Unspecified",
      "dateAccepted": "2026-01-29",
      "fc_FK": 9865
    },
    {
      "value_type": 1,
      "proposedChange": "Add standard value to codelist",
      "proposalStatus": 3,
      "P_shortName": "IHO Hydro",
      "remarks": "",
      "camelCase": "hullCleaning",
      "justification": "For S-131",
      "similarityToSourceDefinition": "The specification of the register item has been specialized to have a narrower meaning than the item defined in the external source.",
      "proposalType": 1,
      "submitStatus": 1,
      "organization": "IHO (TWCWG)",
      "referenceSource": "IMO Resolution MEPC.378(80)",
      "name": "Hull Cleaning",
      "dateProposed": "2025-12-21",
      "idx": 3608,
      "definition": "The removal or treatment of biofouling (accumulation of aquatic organisms including microfouling and macrofouling) from a ship&apos;s submerged surfaces, including hull and niche areas, conducted either in-water or during dry-docking. The process includes both proactive cleaning (periodic removal of microfouling) and reactive cleaning (removal of micro- and macrofouling as corrective action).",
      "alias": "",
      "status": 2,
      "register_FK": 20,
      "combination_FK": 1330,
      "submittingMember_FK": 56,
      "reference": "",
      "similarityToSource": "Generalization",
      "dateAccepted": "2025-12-21",
      "fc_FK": 9856
    },
    {
      "value_type": 1,
      "proposedChange": "Add new enumerate value.",
      "proposalStatus": 3,
      "P_shortName": "IHO Hydro",
      "remarks": "",
      "camelCase": "beaconTemporaryEstablishment",
      "justification": "Required for S-124.",
      "similarityToSourceDefinition": "The style of the definition has been changed to match the style and structure of other specifications in the register that has imported the specification.",
      "proposalType": 1,
      "submitStatus": 1,
      "organization": "IHO (WWNWS)",
      "referenceSource": "IHO WWNWS-SC",
      "name": "Beacon Temporary Establishment",
      "dateProposed": "2022-09-13",
      "idx": 3436,
      "definition": "A new beacon has been or will be established for a limited period of time.",
      "alias": "",
      "status": 2,
      "register_FK": 20,
      "combination_FK": 1102,
      "submittingMember_FK": 162,
      "reference": "",
      "similarityToSource": "Identical",
      "dateAccepted": "2022-09-14",
      "fc_FK": 8500
    },
    {
      "value_type": 1,
      "proposedChange": "Add new enumerate value.",
      "proposalStatus": 3,
      "P_shortName": "IHO Hydro",
      "remarks": "",
      "camelCase": "stormSurge",
      "justification": "Required for S-124.",
      "similarityToSourceDefinition": "The style of the definition has been changed to match the style and structure of other specifications in the register that has imported the specification.",
      "proposalType": 1,
      "submitStatus": 1,
      "organization": "IHO (WWNWS)",
      "referenceSource": "Hydrographic Dictionary, Part I Volume I, English",
      "name": "Storm Surge",
      "dateProposed": "2022-08-10",
      "idx": 3403,
      "definition": "A rise above normal water level on the open coast due only to the action of wind stress on the water surface. Storm surge resulting from a hurricane or other intense storm also includes the rise in level due to atmospheric pressure reduction as well as that due to wind stress. A storm surge is more severe when it occurs in conjunction with a high tide. Also called storm tide, storm wave, tidal wave.",
      "alias": "Storm Tide; Storm Wave; Tidal Wave",
      "status": 2,
      "register_FK": 20,
      "combination_FK": 1064,
      "submittingMember_FK": 162,
      "reference": "https://portal.iho.int/iho-ohi/S32/engView.php?page=251&quick_filter=storm+surge&quick_filter_operator=Equals",
      "similarityToSource": "Identical",
      "dateAccepted": "2022-08-11",
      "fc_FK": 6805
    },
    {
      "value_type": 1,
      "proposedChange": "Add new enumerate value.",
      "proposalStatus": 3,
      "P_shortName": "IHO Hydro",
      "remarks": "",
      "camelCase": "submarineCableChanges",
      "justification": "Required for S-124.",
      "similarityToSourceDefinition": "The style of the definition has been changed to match the style and structure of other specifications in the register that has imported the specification.",
      "proposalType": 1,
      "submitStatus": 1,
      "organization": "IHO (WWNWS)",
      "referenceSource": "IHO WWNWS-SC",
      "name": "Submarine Cable Changes",
      "dateProposed": "2022-08-10",
      "idx": 3404,
      "definition": "Change in status, location or depth of a submerged or seabed cable which poses a hazard to safe navigation, anchoring or fishing.",
      "alias": "",
      "status": 2,
      "register_FK": 20,
      "combination_FK": 1064,
      "submittingMember_FK": 162,
      "reference": "",
      "similarityToSource": "Identical",
      "dateAccepted": "2022-08-11",
      "fc_FK": 7695
    },
    {
      "value_type": 1,
      "proposedChange": "Add new enumerate value.",
      "proposalStatus": 3,
      "P_shortName": "IHO Hydro",
      "remarks": "",
      "camelCase": "submarinePipelineChanges",
      "justification": "Required for S-124.",
      "similarityToSourceDefinition": "The style of the definition has been changed to match the style and structure of other specifications in the register that has imported the specification.",
      "proposalType": 1,
      "submitStatus": 1,
      "organization": "IHO (WWNWS)",
      "referenceSource": "IHO WWNWS-SC",
      "name": "Submarine Pipeline Changes",
      "dateProposed": "2022-08-10",
      "idx": 3405,
      "definition": "Change in status, location or depth of a submerged or seabed pipeline which poses a hazard to safe navigation, anchoring or fishing.",
      "alias": "",
      "status": 2,
      "register_FK": 20,
      "combination_FK": 1064,
      "submittingMember_FK": 162,
      "reference": "",
      "similarityToSource": "Identical",
      "dateAccepted": "2022-08-11",
      "fc_FK": 7696
    },
    {
      "value_type": 1,
      "proposedChange": "Add new enumerate value.",
      "proposalStatus": 3,
      "P_shortName": "IHO Hydro",
      "remarks": "",
      "camelCase": "submergedObject",
      "justification": "Required for S-124.",
      "similarityToSourceDefinition": "The style of the definition has been changed to match the style and structure of other specifications in the register that has imported the specification.",
      "proposalType": 1,
      "submitStatus": 1,
      "organization": "IHO (WWNWS)",
      "referenceSource": "IHO WWNWS-SC",
      "name": "Submerged Object",
      "dateProposed": "2022-08-10",
      "idx": 3406,
      "definition": "Any object under water; not showing above water.",
      "alias": "",
      "status": 2,
      "register_FK": 20,
      "combination_FK": 1064,
      "submittingMember_FK": 162,
      "reference": "",
      "similarityToSource": "Identical",
      "dateAccepted": "2022-08-11",
      "fc_FK": 7698
    },
    {
      "value_type": 1,
      "proposedChange": "Add new enumerate value.",
      "proposalStatus": 3,
      "P_shortName": "IHO Hydro",
      "remarks": "",
      "camelCase": "subsurfaceMooring",
      "justification": "Required for S-124.",
      "similarityToSourceDefinition": "The style of the definition has been changed to match the style and structure of other specifications in the register that has imported the specification.",
      "proposalType": 1,
      "submitStatus": 1,
      "organization": "IHO (WWNWS)",
      "referenceSource": "IHO WWNWS-SC",
      "name": "Subsurface Mooring",
      "dateProposed": "2022-08-10",
      "idx": 3407,
      "definition": "A mooring which is under water and which may or may not be secured to the sea floor by means of an anchor chain.",
      "alias": "",
      "status": 2,
      "register_FK": 20,
      "combination_FK": 1064,
      "submittingMember_FK": 162,
      "reference": "",
      "similarityToSource": "Identical",
      "dateAccepted": "2022-08-11",
      "fc_FK": 7699
    },
    {
      "value_type": 1,
      "proposedChange": "Add new enumerate value.",
      "proposalStatus": 3,
      "P_shortName": "IHO Hydro",
      "remarks": "",
      "camelCase": "swimmers",
      "justification": "Required for S-124.",
      "similarityToSourceDefinition": "The style of the definition has been changed to match the style and structure of other specifications in the register that has imported the specification.",
      "proposalType": 1,
      "submitStatus": 1,
      "organization": "IHO (WWNWS)",
      "referenceSource": "IHO WWNWS-SC",
      "name": "Swimmers",
      "dateProposed": "2022-08-10",
      "idx": 3408,
      "definition": "A single person or groups of persons will be / are swimming in or near navigation lanes.",
      "alias": "",
      "status": 2,
      "register_FK": 20,
      "combination_FK": 1064,
      "submittingMember_FK": 162,
      "reference": "",
      "similarityToSource": "Identical",
      "dateAccepted": "2022-08-11",
      "fc_FK": 7700
    },
    {
      "value_type": 1,
      "proposedChange": "Add new enumerate value.",
      "proposalStatus": 3,
      "P_shortName": "IHO Hydro",
      "remarks": "",
      "camelCase": "temporaryBuoyage",
      "justification": "Required for S-124.",
      "similarityToSourceDefinition": "The style of the definition has been changed to match the style and structure of other specifications in the register that has imported the specification.",
      "proposalType": 1,
      "submitStatus": 1,
      "organization": "IHO (WWNWS)",
      "referenceSource": "IHO WWNWS-SC",
      "name": "Temporary Buoyage",
      "dateProposed": "2022-08-10",
      "idx": 3409,
      "definition": "The establishment of a buoy or group of buoys for a limited period of time (i.e. during summer season or during marine construction projects).",
      "alias": "",
      "status": 2,
      "register_FK": 20,
      "combination_FK": 1064,
      "submittingMember_FK": 162,
      "reference": "",
      "similarityToSource": "Identical",
      "dateAccepted": "2022-08-11",
      "fc_FK": 7929
    },
    {
      "value_type": 1,
      "proposedChange": "Add new enumerate value.",
      "proposalStatus": 3,
      "P_shortName": "IHO Hydro",
      "remarks": "",
      "camelCase": "tideGaugeChange",
      "justification": "Required for S-124.",
      "similarityToSourceDefinition": "The style of the definition has been changed to match the style and structure of other specifications in the register that has imported the specification.",
      "proposalType": 1,
      "submitStatus": 1,
      "organization": "IHO (WWNWS)",
      "referenceSource": "IHO WWNWS-SC",
      "name": "Tide Gauge Change",
      "dateProposed": "2022-08-10",
      "idx": 3410,
      "definition": "The installation or removal of a tide gauge.",
      "alias": "",
      "status": 2,
      "register_FK": 20,
      "combination_FK": 1064,
      "submittingMember_FK": 162,
      "reference": "",
      "similarityToSource": "Identical",
      "dateAccepted": "2022-08-11",
      "fc_FK": 7930
    },
    {
      "value_type": 1,
      "proposedChange": "Add new enumerate value.",
      "proposalStatus": 3,
      "P_shortName": "IHO Hydro",
      "remarks": "",
      "camelCase": "trafficCongestion",
      "justification": "Required for S-124.",
      "similarityToSourceDefinition": "The style of the definition has been changed to match the style and structure of other specifications in the register that has imported the specification.",
      "proposalType": 1,
      "submitStatus": 1,
      "organization": "IHO (WWNWS)",
      "referenceSource": "IHO WWNWS-SC",
      "name": "Traffic Congestion",
      "dateProposed": "2022-08-10",
      "idx": 3411,
      "definition": "An area is experiencing a significantly high volume of vessel traffic which could potentially impede the progress of a vessel.",
      "alias": "",
      "status": 2,
      "register_FK": 20,
      "combination_FK": 1064,
      "submittingMember_FK": 162,
      "reference": "",
      "similarityToSource": "Identical",
      "dateAccepted": "2022-08-11",
      "fc_FK": 7701
    },
    {
      "value_type": 1,
      "proposedChange": "Add new enumerate value.",
      "proposalStatus": 3,
      "P_shortName": "IHO Hydro",
      "remarks": "",
      "camelCase": "tsunamiWarning",
      "justification": "Required for S-124.",
      "similarityToSourceDefinition": "The style of the definition has been changed to match the style and structure of other specifications in the register that has imported the specification.",
      "proposalType": 1,
      "submitStatus": 1,
      "organization": "IHO (WWNWS)",
      "referenceSource": "IHO WWNWS-SC",
      "name": "Tsunami Warning",
      "dateProposed": "2022-08-10",
      "idx": 3412,
      "definition": "An alert message concerning strong waves, the widespread inundation of water, due to an earthquake, landslide or volcanic eruption, which is issued when the threat is imminent, expected or occurring.",
      "alias": "",
      "status": 2,
      "register_FK": 20,
      "combination_FK": 1064,
      "submittingMember_FK": 162,
      "reference": "",
      "similarityToSource": "Identical",
      "dateAccepted": "2022-08-11",
      "fc_FK": 7702
    },
    {
      "value_type": 1,
      "proposedChange": "Add new enumerate value.",
      "proposalStatus": 3,
      "P_shortName": "IHO Hydro",
      "remarks": "",
      "camelCase": "unchartedRock",
      "justification": "Required for S-124.",
      "similarityToSourceDefinition": "The style of the definition has been changed to match the style and structure of other specifications in the register that has imported the specification.",
      "proposalType": 1,
      "submitStatus": 1,
      "organization": "IHO (WWNWS)",
      "referenceSource": "IHO WWNWS-SC",
      "name": "Uncharted Rock",
      "dateProposed": "2022-08-10",
      "idx": 3413,
      "definition": "A newly located rock, submerged or partially submerged rock, which had not been previously charted.",
      "alias": "",
      "status": 2,
      "register_FK": 20,
      "combination_FK": 1064,
      "submittingMember_FK": 162,
      "reference": "",
      "similarityToSource": "Identical",
      "dateAccepted": "2022-08-11",
      "fc_FK": 7703
    },
    {
      "value_type": 1,
      "proposedChange": "Add new enumerate value.",
      "proposalStatus": 3,
      "P_shortName": "IHO Hydro",
      "remarks": "",
      "camelCase": "underwaterOperations",
      "justification": "Required for S-124.",
      "similarityToSourceDefinition": "The style of the definition has been changed to match the style and structure of other specifications in the register that has imported the specification.",
      "proposalType": 1,
      "submitStatus": 1,
      "organization": "IHO (WWNWS)",
      "referenceSource": "IHO WWNWS-SC",
      "name": "Underwater Operations",
      "dateProposed": "2022-08-10",
      "idx": 3414,
      "definition": "Underwater work to maintain or repair subsurface structures (e.g. drill head).",
      "alias": "",
      "status": 2,
      "register_FK": 20,
      "combination_FK": 1064,
      "submittingMember_FK": 162,
      "reference": "",
      "similarityToSource": "Identical",
      "dateAccepted": "2022-08-11",
      "fc_FK": 7704
    },
    {
      "value_type": 1,
      "proposedChange": "Add new enumerate value.",
      "proposalStatus": 3,
      "P_shortName": "IHO Hydro",
      "remarks": "",
      "camelCase": "unidentifiedRadarTargetPossibleIceberg",
      "justification": "Required for S-124.",
      "similarityToSourceDefinition": "The style of the definition has been changed to match the style and structure of other specifications in the register that has imported the specification.",
      "proposalType": 1,
      "submitStatus": 1,
      "organization": "IHO (WWNWS)",
      "referenceSource": "IHO WWNWS-SC",
      "name": "Unidentified Radar Target - Possible Iceberg",
      "dateProposed": "2022-08-10",
      "idx": 3415,
      "definition": "An unidentified radar target, within the advertised limits of ice, but not yet visually confirmed as being an iceberg.",
      "alias": "",
      "status": 2,
      "register_FK": 20,
      "combination_FK": 1064,
      "submittingMember_FK": 162,
      "reference": "",
      "similarityToSource": "Identical",
      "dateAccepted": "2022-08-11",
      "fc_FK": 7705
    },
    {
      "value_type": 1,
      "proposedChange": "Add new enumerate value.",
      "proposalStatus": 3,
      "P_shortName": "IHO Hydro",
      "remarks": "",
      "camelCase": "unwieldyTow",
      "justification": "Required for S-124.",
      "similarityToSourceDefinition": "The style of the definition has been changed to match the style and structure of other specifications in the register that has imported the specification.",
      "proposalType": 1,
      "submitStatus": 1,
      "organization": "IHO (WWNWS)",
      "referenceSource": "IHO WWNWS-SC",
      "name": "Unwieldy Tow",
      "dateProposed": "2022-08-10",
      "idx": 3416,
      "definition": "A tow, which by the nature of the size, shape or dimensions of the object being towed, is cumbersome to effectively tow regardless of the conditions of the waterway.",
      "alias": "",
      "status": 2,
      "register_FK": 20,
      "combination_FK": 1064,
      "submittingMember_FK": 162,
      "reference": "",
      "similarityToSource": "Identical",
      "dateAccepted": "2022-08-11",
      "fc_FK": 7706
    },
    {
      "value_type": 1,
      "proposedChange": "Add new enumerate value.",
      "proposalStatus": 3,
      "P_shortName": "IHO Hydro",
      "remarks": "",
      "camelCase": "vAISChange",
      "justification": "Required for S-124.",
      "similarityToSourceDefinition": "The style of the definition has been changed to match the style and structure of other specifications in the register that has imported the specification.",
      "proposalType": 1,
      "submitStatus": 1,
      "organization": "IHO (WWNWS)",
      "referenceSource": "IHO WWNWS-SC",
      "name": "V-AIS Change",
      "dateProposed": "2022-08-10",
      "idx": 3417,
      "definition": "The characteristics of the V-AIS have been or will be changed.",
      "alias": "",
      "status": 2,
      "register_FK": 20,
      "combination_FK": 1064,
      "submittingMember_FK": 162,
      "reference": "",
      "similarityToSource": "Identical",
      "dateAccepted": "2022-08-11",
      "fc_FK": 7957
    },
    {
      "value_type": 1,
      "proposedChange": "Add new enumerate value.",
      "proposalStatus": 3,
      "P_shortName": "IHO Hydro",
      "remarks": "",
      "camelCase": "vAISEstablishment",
      "justification": "Required for S-124.",
      "similarityToSourceDefinition": "The style of the definition has been changed to match the style and structure of other specifications in the register that has imported the specification.",
      "proposalType": 1,
      "submitStatus": 1,
      "organization": "IHO (WWNWS)",
      "referenceSource": "IHO WWNWS-SC",
      "name": "V-AIS Establishment",
      "dateProposed": "2022-08-10",
      "idx": 3418,
      "definition": "A new V-AIS has been or will be established.",
      "alias": "",
      "status": 2,
      "register_FK": 20,
      "combination_FK": 1064,
      "submittingMember_FK": 162,
      "reference": "",
      "similarityToSource": "Identical",
      "dateAccepted": "2022-08-11",
      "fc_FK": 7708
    },
    {
      "value_type": 1,
      "proposedChange": "Add new enumerate value.",
      "proposalStatus": 3,
      "P_shortName": "IHO Hydro",
      "remarks": "",
      "camelCase": "vAISOperatingProperly",
      "justification": "Required for S-124.",
      "similarityToSourceDefinition": "The style of the definition has been changed to match the style and structure of other specifications in the register that has imported the specification.",
      "proposalType": 1,
      "submitStatus": 1,
      "organization": "IHO (WWNWS)",
      "referenceSource": "IHO WWNWS-SC",
      "name": "V-AIS Operating Properly",
      "dateProposed": "2022-08-10",
      "idx": 3419,
      "definition": "Virtual AIS aid to navigation is operating as advertised.",
      "alias": "",
      "status": 2,
      "register_FK": 20,
      "combination_FK": 1064,
      "submittingMember_FK": 162,
      "reference": "",
      "similarityToSource": "Identical",
      "dateAccepted": "2022-08-11",
      "fc_FK": 7709
    },
    {
      "value_type": 1,
      "proposedChange": "Add new enumerate value.",
      "proposalStatus": 3,
      "P_shortName": "IHO Hydro",
      "remarks": "",
      "camelCase": "vAISOutOfService",
      "justification": "Required for S-124.",
      "similarityToSourceDefinition": "The style of the definition has been changed to match the style and structure of other specifications in the register that has imported the specification.",
      "proposalType": 1,
      "submitStatus": 1,
      "organization": "IHO (WWNWS)",
      "referenceSource": "IHO WWNWS-SC",
      "name": "V-AIS Out Of Service",
      "dateProposed": "2022-08-10",
      "idx": 3420,
      "definition": "Virtual AIS aid to navigation is extinguished.",
      "alias": "",
      "status": 2,
      "register_FK": 20,
      "combination_FK": 1064,
      "submittingMember_FK": 162,
      "reference": "",
      "similarityToSource": "Identical",
      "dateAccepted": "2022-08-11",
      "fc_FK": 7710
    },
    {
      "value_type": 1,
      "proposedChange": "Add new enumerate value.",
      "proposalStatus": 3,
      "P_shortName": "IHO Hydro",
      "remarks": "",
      "camelCase": "vAISRemoval",
      "justification": "Required for S-124.",
      "similarityToSourceDefinition": "The style of the definition has been changed to match the style and structure of other specifications in the register that has imported the specification.",
      "proposalType": 1,
      "submitStatus": 1,
      "organization": "IHO (WWNWS)",
      "referenceSource": "IHO WWNWS-SC",
      "name": "V-AIS Removal",
      "dateProposed": "2022-08-10",
      "idx": 3421,
      "definition": "V-AIS has been or will be permanently removed from service.",
      "alias": "",
      "status": 2,
      "register_FK": 20,
      "combination_FK": 1064,
      "submittingMember_FK": 162,
      "reference": "",
      "similarityToSource": "Identical",
      "dateAccepted": "2022-08-11",
      "fc_FK": 7711
    },
    {
      "value_type": 1,
      "proposedChange": "Add new enumerate value.",
      "proposalStatus": 3,
      "P_shortName": "IHO Hydro",
      "remarks": "",
      "camelCase": "vAISTemporaryChange",
      "justification": "Required for S-124.",
      "similarityToSourceDefinition": "The style of the definition has been changed to match the style and structure of other specifications in the register that has imported the specification.",
      "proposalType": 1,
      "submitStatus": 1,
      "organization": "IHO (WWNWS)",
      "referenceSource": "IHO WWNWS-SC",
      "name": "V-AIS Temporary Change",
      "dateProposed": "2022-08-10",
      "idx": 3422,
      "definition": "The characteristics of the V-AIS have been or will be temporarily changed.",
      "alias": "",
      "status": 2,
      "register_FK": 20,
      "combination_FK": 1064,
      "submittingMember_FK": 162,
      "reference": "",
      "similarityToSource": "Identical",
      "dateAccepted": "2022-08-11",
      "fc_FK": 7958
    },
    {
      "value_type": 1,
      "proposedChange": "Add new enumerate value.",
      "proposalStatus": 3,
      "P_shortName": "IHO Hydro",
      "remarks": "",
      "camelCase": "vAISTemporaryEstablishment",
      "justification": "Required for S-124.",
      "similarityToSourceDefinition": "The style of the definition has been changed to match the style and structure of other specifications in the register that has imported the specification.",
      "proposalType": 1,
      "submitStatus": 1,
      "organization": "IHO (WWNWS)",
      "referenceSource": "IHO WWNWS-SC",
      "name": "V-AIS Temporary Establishment",
      "dateProposed": "2022-08-10",
      "idx": 3423,
      "definition": "A new V-AIS has been or will be established for a limited period of time.",
      "alias": "",
      "status": 2,
      "register_FK": 20,
      "combination_FK": 1064,
      "submittingMember_FK": 162,
      "reference": "",
      "similarityToSource": "Identical",
      "dateAccepted": "2022-08-11",
      "fc_FK": 7713
    },
    {
      "value_type": 1,
      "proposedChange": "Add new enumerate value.",
      "proposalStatus": 3,
      "P_shortName": "IHO Hydro",
      "remarks": "",
      "camelCase": "vAISTemporaryRemoval",
      "justification": "Required for S-124.",
      "similarityToSourceDefinition": "The style of the definition has been changed to match the style and structure of other specifications in the register that has imported the specification.",
      "proposalType": 1,
      "submitStatus": 1,
      "organization": "IHO (WWNWS)",
      "referenceSource": "IHO WWNWS-SC",
      "name": "V-AIS Temporary Removal",
      "dateProposed": "2022-08-10",
      "idx": 3424,
      "definition": "V-AIS has been or will be temporarily removed from service.",
      "alias": "",
      "status": 2,
      "register_FK": 20,
      "combination_FK": 1064,
      "submittingMember_FK": 162,
      "reference": "",
      "similarityToSource": "Identical",
      "dateAccepted": "2022-08-11",
      "fc_FK": 7714
    },
    {
      "value_type": 1,
      "proposedChange": "Add new enumerate value.",
      "proposalStatus": 3,
      "P_shortName": "IHO Hydro",
      "remarks": "",
      "camelCase": "vAISUnreliable",
      "justification": "Required for S-124",
      "similarityToSourceDefinition": "The style of the definition has been changed to match the style and structure of other specifications in the register that has imported the specification.",
      "proposalType": 1,
      "submitStatus": 1,
      "organization": "IHO (WWNWS)",
      "referenceSource": "IHO WWNWS-SC",
      "name": "V-AIS Unreliable",
      "dateProposed": "2022-08-10",
      "idx": 3425,
      "definition": "Virtual AIS aid is unreliable due to a technical issue or maintenance.",
      "alias": "",
      "status": 2,
      "register_FK": 20,
      "combination_FK": 1064,
      "submittingMember_FK": 162,
      "reference": "",
      "similarityToSource": "Identical",
      "dateAccepted": "2022-08-11",
      "fc_FK": 7715
    },
    {
      "value_type": 1,
      "proposedChange": "Add new enumerate value.",
      "proposalStatus": 3,
      "P_shortName": "IHO Hydro",
      "remarks": "",
      "camelCase": "verticalClearanceReduced",
      "justification": "Required for S-124",
      "similarityToSourceDefinition": "The style of the definition has been changed to match the style and structure of other specifications in the register that has imported the specification.",
      "proposalType": 1,
      "submitStatus": 1,
      "organization": "IHO (WWNWS)",
      "referenceSource": "IHO WWNWS-SC",
      "name": "Vertical Clearance Reduced",
      "dateProposed": "2022-08-10",
      "idx": 3426,
      "definition": "The reduction in the vertical distance between the air draft of a vessel and the lowest point on a bridge structure, cable or pipeline of which the vessel is intending to pass underneath.",
      "alias": "",
      "status": 2,
      "register_FK": 20,
      "combination_FK": 1064,
      "submittingMember_FK": 162,
      "reference": "",
      "similarityToSource": "Identical",
      "dateAccepted": "2022-08-11",
      "fc_FK": 7716
    },
    {
      "value_type": 1,
      "proposedChange": "Add new enumerate value.",
      "proposalStatus": 3,
      "P_shortName": "IHO Hydro",
      "remarks": "",
      "camelCase": "vesselAdrift",
      "justification": "Required for S-124.",
      "similarityToSourceDefinition": "The style of the definition has been changed to match the style and structure of other specifications in the register that has imported the specification.",
      "proposalType": 1,
      "submitStatus": 1,
      "organization": "IHO (WWNWS)",
      "referenceSource": "IHO WWNWS-SC",
      "name": "Vessel Adrift",
      "dateProposed": "2022-08-10",
      "idx": 3427,
      "definition": "A vessel at sea or which has lost mechanical capability and cannot be moored or anchored.",
      "alias": "",
      "status": 2,
      "register_FK": 20,
      "combination_FK": 1064,
      "submittingMember_FK": 162,
      "reference": "",
      "similarityToSource": "Identical",
      "dateAccepted": "2022-08-11",
      "fc_FK": 7717
    },
    {
      "value_type": 1,
      "proposedChange": "Add new enumerate value.",
      "proposalStatus": 3,
      "P_shortName": "IHO Hydro",
      "remarks": "",
      "camelCase": "vesselDisabled",
      "justification": "Required for S-124.",
      "similarityToSourceDefinition": "The style of the definition has been changed to match the style and structure of other specifications in the register that has imported the specification.",
      "proposalType": 1,
      "submitStatus": 1,
      "organization": "IHO (WWNWS)",
      "referenceSource": "IHO WWNWS-SC",
      "name": "Vessel Disabled",
      "dateProposed": "2022-08-10",
      "idx": 3428,
      "definition": "A vessel adrift at sea or safely anchored/moored, which has been damaged or has experienced some sort of mechanical or electrical failure so it can no longer sail.",
      "alias": "",
      "status": 2,
      "register_FK": 20,
      "combination_FK": 1064,
      "submittingMember_FK": 162,
      "reference": "",
      "similarityToSource": "Identical",
      "dateAccepted": "2022-08-11",
      "fc_FK": 8340
    },
    {
      "value_type": 1,
      "proposedChange": "Add new enumerate value.",
      "proposalStatus": 3,
      "P_shortName": "IHO Hydro",
      "remarks": "",
      "camelCase": "vHFServiceChange",
      "justification": "Required for S-124.",
      "similarityToSourceDefinition": "The style of the definition has been changed to match the style and structure of other specifications in the register that has imported the specification.",
      "proposalType": 1,
      "submitStatus": 1,
      "organization": "IHO (WWNWS)",
      "referenceSource": "IHO WWNWS-SC",
      "name": "VHF Service Change",
      "dateProposed": "2022-08-10",
      "idx": 3429,
      "definition": "Any outage or return to operation of any VHF service (radiotelephone or digital selective calling).",
      "alias": "",
      "status": 2,
      "register_FK": 20,
      "combination_FK": 1064,
      "submittingMember_FK": 162,
      "reference": "",
      "similarityToSource": "Identical",
      "dateAccepted": "2022-08-11",
      "fc_FK": 8341
    },
    {
      "value_type": 1,
      "proposedChange": "Add new enumerate value.",
      "proposalStatus": 3,
      "P_shortName": "IHO Hydro",
      "remarks": "",
      "camelCase": "volcanoActivity",
      "justification": "Required for S-124.",
      "similarityToSourceDefinition": "The style of the definition has been changed to match the style and structure of other specifications in the register that has imported the specification.",
      "proposalType": 1,
      "submitStatus": 1,
      "organization": "IHO (WWNWS)",
      "referenceSource": "IHO WWNWS-SC",
      "name": "Volcano Activity",
      "dateProposed": "2022-08-10",
      "idx": 3430,
      "definition": "Volcano activity impacting safe navigation.",
      "alias": "",
      "status": 2,
      "register_FK": 20,
      "combination_FK": 1064,
      "submittingMember_FK": 162,
      "reference": "",
      "similarityToSource": "Identical",
      "dateAccepted": "2022-08-11",
      "fc_FK": 7721
    },
    {
      "value_type": 1,
      "proposedChange": "Add new enumerate value.",
      "proposalStatus": 3,
      "P_shortName": "IHO Hydro",
      "remarks": "",
      "camelCase": "vTSChange",
      "justification": "Required for S-124.",
      "similarityToSourceDefinition": "The style of the definition has been changed to match the style and structure of other specifications in the register that has imported the specification.",
      "proposalType": 1,
      "submitStatus": 1,
      "organization": "IHO (WWNWS)",
      "referenceSource": "IHO WWNWS-SC",
      "name": "VTS Change",
      "dateProposed": "2022-08-10",
      "idx": 3431,
      "definition": "Change to an existing vessel traffic service zone limit, procedure and or provision of broadcast service relating to vessels operating within that zone.",
      "alias": "",
      "status": 2,
      "register_FK": 20,
      "combination_FK": 1064,
      "submittingMember_FK": 162,
      "reference": "",
      "similarityToSource": "Identical",
      "dateAccepted": "2022-08-11",
      "fc_FK": 7722
    },
    {
      "value_type": 1,
      "proposedChange": "Add new enumerate value.",
      "proposalStatus": 3,
      "P_shortName": "IHO Hydro",
      "remarks": "",
      "camelCase": "waterwayRecommendedOrNotRecommendedForShipping",
      "justification": "Required for S-124.",
      "similarityToSourceDefinition": "The style of the definition has been changed to match the style and structure of other specifications in the register that has imported the specification.",
      "proposalType": 1,
      "submitStatus": 1,
      "organization": "IHO (WWNWS)",
      "referenceSource": "IHO WWNWS-SC",
      "name": "Waterway Recommended or Not Recommended For Shipping",
      "dateProposed": "2022-08-10",
      "idx": 3432,
      "definition": "Temporary or permanent changes to a waterway/fairway which may render it unsafe/safe for marine traffic.",
      "alias": "",
      "status": 2,
      "register_FK": 20,
      "combination_FK": 1064,
      "submittingMember_FK": 162,
      "reference": "",
      "similarityToSource": "Identical",
      "dateAccepted": "2022-08-11",
      "fc_FK": 7931
    },
    {
      "value_type": 1,
      "proposedChange": "Add new enumerate value.",
      "proposalStatus": 3,
      "P_shortName": "IHO Hydro",
      "remarks": "",
      "camelCase": "wharfConstruction",
      "justification": "Required for S-124.",
      "similarityToSourceDefinition": "The style of the definition has been changed to match the style and structure of other specifications in the register that has imported the specification.",
      "proposalType": 1,
      "submitStatus": 1,
      "organization": "IHO (WWNWS)",
      "referenceSource": "IHO WWNWS-SC",
      "name": "Wharf Construction",
      "dateProposed": "2022-08-10",
      "idx": 3433,
      "definition": "The commencement or cessation of wharf construction.",
      "alias": "",
      "status": 2,
      "register_FK": 20,
      "combination_FK": 1064,
      "submittingMember_FK": 162,
      "reference": "",
      "similarityToSource": "Identical",
      "dateAccepted": "2022-08-11",
      "fc_FK": 7723
    },
    {
      "value_type": 1,
      "proposedChange": "Add new enumerate value.",
      "proposalStatus": 3,
      "P_shortName": "IHO Hydro",
      "remarks": "",
      "camelCase": "worksInProgress",
      "justification": "Required for S-124.",
      "similarityToSourceDefinition": "The style of the definition has been changed to match the style and structure of other specifications in the register that has imported the specification.",
      "proposalType": 1,
      "submitStatus": 1,
      "organization": "IHO (WWNWS)",
      "referenceSource": "IHO WWNWS-SC",
      "name": "Works in Progress",
      "dateProposed": "2022-08-10",
      "idx": 3434,
      "definition": "An active marine project, either on the surface or under water, which may affect the navigation of vessels.",
      "alias": "",
      "status": 2,
      "register_FK": 20,
      "combination_FK": 1064,
      "submittingMember_FK": 162,
      "reference": "",
      "similarityToSource": "Identical",
      "dateAccepted": "2022-08-11",
      "fc_FK": 7725
    },
    {
      "value_type": 1,
      "proposedChange": "Add new enumerate value.",
      "proposalStatus": 3,
      "P_shortName": "IHO Hydro",
      "remarks": "",
      "camelCase": "worldHealthOrganizationNotice",
      "justification": "Required for S-124.",
      "similarityToSourceDefinition": "The style of the definition has been changed to match the style and structure of other specifications in the register that has imported the specification.",
      "proposalType": 1,
      "submitStatus": 1,
      "organization": "IHO (WWNWS)",
      "referenceSource": "IHO WWNWS-SC",
      "name": "World Health Organization Notice",
      "dateProposed": "2022-08-10",
      "idx": 3435,
      "definition": "Notice issued by World Health Organization to persons ashore or at sea.",
      "alias": "",
      "status": 2,
      "register_FK": 20,
      "combination_FK": 1064,
      "submittingMember_FK": 162,
      "reference": "",
      "similarityToSource": "Identical",
      "dateAccepted": "2022-08-11",
      "fc_FK": 7726
    },
    {
      "value_type": 1,
      "proposedChange": "Add new enumerate value.",
      "proposalStatus": 3,
      "P_shortName": "IHO Hydro",
      "remarks": "",
      "camelCase": "NewOrAmendedRegulation",
      "justification": "Required for S-124.",
      "similarityToSourceDefinition": "The style of the definition has been changed to match the style and structure of other specifications in the register that has imported the specification.",
      "proposalType": 1,
      "submitStatus": 1,
      "organization": "IHO (WWNWS)",
      "referenceSource": "IHO WWNWS-SC",
      "name": "New or Amended Regulation",
      "dateProposed": "2022-08-08",
      "idx": 3331,
      "definition": "New or updated maritime regulation which may impact navigation such as changes to navigation lanes or newly established areas to be avoided.",
      "alias": "",
      "status": 2,
      "register_FK": 20,
      "combination_FK": 1063,
      "submittingMember_FK": 162,
      "reference": "",
      "similarityToSource": "Identical",
      "dateAccepted": "2022-08-10",
      "fc_FK": 8330
    },
    {
      "value_type": 1,
      "proposedChange": "Add new enumerate value.",
      "proposalStatus": 3,
      "P_shortName": "IHO Hydro",
      "remarks": "",
      "camelCase": "numerousFishingVessels",
      "justification": "Required for S-124.",
      "similarityToSourceDefinition": "The style of the definition has been changed to match the style and structure of other specifications in the register that has imported the specification.",
      "proposalType": 1,
      "submitStatus": 1,
      "organization": "IHO (WWNWS)",
      "referenceSource": "IHO WWNWS-SC",
      "name": "Numerous Fishing Vessels",
      "dateProposed": "2022-08-08",
      "idx": 3332,
      "definition": "There are many fishing vessels operating in the area.",
      "alias": "",
      "status": 2,
      "register_FK": 20,
      "combination_FK": 1063,
      "submittingMember_FK": 162,
      "reference": "",
      "similarityToSource": "Identical",
      "dateAccepted": "2022-08-10",
      "fc_FK": 7638
    },
    {
      "value_type": 1,
      "proposedChange": "Add new enumerate value.",
      "proposalStatus": 3,
      "P_shortName": "IHO Hydro",
      "remarks": "",
      "camelCase": "objectAdrift",
      "justification": "Required for S-124.",
      "similarityToSourceDefinition": "The style of the definition has been changed to match the style and structure of other specifications in the register that has imported the specification.",
      "proposalType": 1,
      "submitStatus": 1,
      "organization": "IHO (WWNWS)",
      "referenceSource": "IHO WWNWS-SC",
      "name": "Object Adrift",
      "dateProposed": "2022-08-08",
      "idx": 3333,
      "definition": "Object reported adrift and posing a hazard to safe navigation.",
      "alias": "",
      "status": 2,
      "register_FK": 20,
      "combination_FK": 1063,
      "submittingMember_FK": 162,
      "reference": "",
      "similarityToSource": "Identical",
      "dateAccepted": "2022-08-10",
      "fc_FK": 7639
    },
    {
      "value_type": 1,
      "proposedChange": "Add new enumerate value.",
      "proposalStatus": 3,
      "P_shortName": "IHO Hydro",
      "remarks": "",
      "camelCase": "offshoreRigsOrPlatformChanges",
      "justification": "Required for S-124.",
      "similarityToSourceDefinition": "The style of the definition has been changed to match the style and structure of other specifications in the register that has imported the specification.",
      "proposalType": 1,
      "submitStatus": 1,
      "organization": "IHO (WWNWS)",
      "referenceSource": "IHO WWNWS-SC",
      "name": "Offshore Rigs or Platform Changes",
      "dateProposed": "2022-08-08",
      "idx": 3334,
      "definition": "Changes to offshore rig/platforms, either fixed or floating, used for oil/gas production, exploration, research, observation, etc.",
      "alias": "",
      "status": 2,
      "register_FK": 20,
      "combination_FK": 1063,
      "submittingMember_FK": 162,
      "reference": "",
      "similarityToSource": "Identical",
      "dateAccepted": "2022-08-10",
      "fc_FK": 7913
    },
    {
      "value_type": 1,
      "proposedChange": "Add new enumerate value.",
      "proposalStatus": 3,
      "P_shortName": "IHO Hydro",
      "remarks": "",
      "camelCase": "openingOrClosingOfHarbour",
      "justification": "Required for S-124.",
      "similarityToSourceDefinition": "The style of the definition has been changed to match the style and structure of other specifications in the register that has imported the specification.",
      "proposalType": 1,
      "submitStatus": 1,
      "organization": "IHO (WWNWS)",
      "referenceSource": "IHO WWNWS-SC",
      "name": "Opening or Closing of Harbour",
      "dateProposed": "2022-08-08",
      "idx": 3335,
      "definition": "The temporary or permanent closing or re-opening of a harbour.",
      "alias": "",
      "status": 2,
      "register_FK": 20,
      "combination_FK": 1063,
      "submittingMember_FK": 162,
      "reference": "",
      "similarityToSource": "Identical",
      "dateAccepted": "2022-08-10",
      "fc_FK": 7914
    },
    {
      "value_type": 1,
      "proposedChange": "Add new enumerate value.",
      "proposalStatus": 3,
      "P_shortName": "IHO Hydro",
      "remarks": "",
      "camelCase": "openingOrClosingOfSwingBridge",
      "justification": "Required for S-124.",
      "similarityToSourceDefinition": "The style of the definition has been changed to match the style and structure of other specifications in the register that has imported the specification.",
      "proposalType": 1,
      "submitStatus": 1,
      "organization": "IHO (WWNWS)",
      "referenceSource": "IHO WWNWS-SC",
      "name": "Opening or Closing of Swing Bridge",
      "dateProposed": "2022-08-08",
      "idx": 3336,
      "definition": "The failure, or return to operation, of the opening or closing of swing bridges.",
      "alias": "",
      "status": 2,
      "register_FK": 20,
      "combination_FK": 1063,
      "submittingMember_FK": 162,
      "reference": "",
      "similarityToSource": "Identical",
      "dateAccepted": "2022-08-10",
      "fc_FK": 7915
    },
    {
      "value_type": 1,
      "proposedChange": "Add new enumerate value.",
      "proposalStatus": 3,
      "P_shortName": "IHO Hydro",
      "remarks": "",
      "camelCase": "openingOrClosingOfWaters",
      "justification": "Required for S-124.",
      "similarityToSourceDefinition": "The style of the definition has been changed to match the style and structure of other specifications in the register that has imported the specification.",
      "proposalType": 1,
      "submitStatus": 1,
      "organization": "IHO (WWNWS)",
      "referenceSource": "IHO WWNWS-SC",
      "name": "Opening or Closing of Waters",
      "dateProposed": "2022-08-08",
      "idx": 3337,
      "definition": "The temporary closing or re-opening of waters, e.g. waterway, bay, straits.",
      "alias": "",
      "status": 2,
      "register_FK": 20,
      "combination_FK": 1063,
      "submittingMember_FK": 162,
      "reference": "",
      "similarityToSource": "Identical",
      "dateAccepted": "2022-08-10",
      "fc_FK": 7916
    },
    {
      "value_type": 1,
      "proposedChange": "Add new enumerate value.",
      "proposalStatus": 3,
      "P_shortName": "IHO Hydro",
      "remarks": "",
      "camelCase": "pipeLayingOperation",
      "justification": "Required for S-124.",
      "similarityToSourceDefinition": "The style of the definition has been changed to match the style and structure of other specifications in the register that has imported the specification.",
      "proposalType": 1,
      "submitStatus": 1,
      "organization": "IHO (WWNWS)",
      "referenceSource": "IHO WWNWS-SC",
      "name": "Pipe Laying Operation",
      "dateProposed": "2022-08-08",
      "idx": 3338,
      "definition": "Activity comprised of one or more vessels engaged in the laying of pipe on or beneath the sea floor.",
      "alias": "",
      "status": 2,
      "register_FK": 20,
      "combination_FK": 1063,
      "submittingMember_FK": 162,
      "reference": "",
      "similarityToSource": "Identical",
      "dateAccepted": "2022-08-10",
      "fc_FK": 7644
    },
    {
      "value_type": 1,
      "proposedChange": "Add new enumerate value.",
      "proposalStatus": 3,
      "P_shortName": "IHO Hydro",
      "remarks": "",
      "camelCase": "pipeOperations",
      "justification": "Required for S-124.",
      "similarityToSourceDefinition": "The style of the definition has been changed to match the style and structure of other specifications in the register that has imported the specification.",
      "proposalType": 1,
      "submitStatus": 1,
      "organization": "IHO (WWNWS)",
      "referenceSource": "IHO WWNWS-SC",
      "name": "Pipe Operations",
      "dateProposed": "2022-08-08",
      "idx": 3339,
      "definition": "Underwater operations undertaken to maintain or repair a submarine pipe.",
      "alias": "",
      "status": 2,
      "register_FK": 20,
      "combination_FK": 1063,
      "submittingMember_FK": 162,
      "reference": "",
      "similarityToSource": "Identical",
      "dateAccepted": "2022-08-10",
      "fc_FK": 7645
    },
    {
      "value_type": 1,
      "proposedChange": "Add new enumerate value.",
      "proposalStatus": 3,
      "P_shortName": "IHO Hydro",
      "remarks": "",
      "camelCase": "presenceOfLongFishingGear",
      "justification": "Required for S-124.",
      "similarityToSourceDefinition": "The style of the definition has been changed to match the style and structure of other specifications in the register that has imported the specification.",
      "proposalType": 1,
      "submitStatus": 1,
      "organization": "IHO (WWNWS)",
      "referenceSource": "IHO WWNWS-SC",
      "name": "Presence of Long Fishing Gear",
      "dateProposed": "2022-08-08",
      "idx": 3340,
      "definition": "There are fishing vessels using long fishing gear, such as fishing net and long fishing lines.",
      "alias": "",
      "status": 2,
      "register_FK": 20,
      "combination_FK": 1063,
      "submittingMember_FK": 162,
      "reference": "",
      "similarityToSource": "Identical",
      "dateAccepted": "2022-08-10",
      "fc_FK": 8319
    },
    {
      "value_type": 1,
      "proposedChange": "Add new enumerate value.",
      "proposalStatus": 3,
      "P_shortName": "IHO Hydro",
      "remarks": "",
      "camelCase": "presenceOfMarineMammals",
      "justification": "Required for S-124.",
      "similarityToSourceDefinition": "The style of the definition has been changed to match the style and structure of other specifications in the register that has imported the specification.",
      "proposalType": 1,
      "submitStatus": 1,
      "organization": "IHO (WWNWS)",
      "referenceSource": "IHO WWNWS-SC",
      "name": "Presence of Marine Mammals",
      "dateProposed": "2022-08-08",
      "idx": 3341,
      "definition": "Presence of marine mammals is expected.",
      "alias": "",
      "status": 2,
      "register_FK": 20,
      "combination_FK": 1063,
      "submittingMember_FK": 162,
      "reference": "",
      "similarityToSource": "Identical",
      "dateAccepted": "2022-08-10",
      "fc_FK": 8320
    }
  ],
  "resultCode": "000",
  "resultMsg": "Success",
  "count": 50
}