{
  "data": [
    {
      "proposedChange": "Add new information type.",
      "idx": 75,
      "definition": "The control centre of the radio service or radio stations",
      "status": 2,
      "alias": "",
      "register_FK": 20,
      "proposalStatus": 3,
      "P_shortName": "IHO Hydro",
      "camelCase": "radioControlCentre",
      "remarks": "",
      "submittingMember_FK": 162,
      "similarityToSourceDefinition": "No change has been made to the specification.",
      "justification": "Required for S-123.",
      "proposalType": 1,
      "submitStatus": 1,
      "reference": "",
      "similarityToSource": "Unspecified",
      "organization": "IHO (WWNWS)",
      "dateAccepted": "2026-01-19",
      "referenceSource": "Unspecified",
      "name": "Radio Control Centre",
      "fc_FK": 9677,
      "dateProposed": "2026-01-13"
    },
    {
      "proposedChange": "Add new information type.",
      "idx": 76,
      "definition": "Description of the radiocommunication service with respect to the radio method and radio channels for the transfer of information by means of signals.",
      "status": 2,
      "alias": "",
      "register_FK": 20,
      "proposalStatus": 3,
      "P_shortName": "IHO Hydro",
      "camelCase": "transmissionDetails",
      "remarks": "",
      "submittingMember_FK": 162,
      "similarityToSourceDefinition": "No change has been made to the specification.",
      "justification": "Required for S-123.",
      "proposalType": 1,
      "submitStatus": 1,
      "reference": "",
      "similarityToSource": "Unspecified",
      "organization": "IHO (WWNWS)",
      "dateAccepted": "2026-01-19",
      "referenceSource": "Unspecified",
      "name": "Transmission Details",
      "fc_FK": 9678,
      "dateProposed": "2026-01-13"
    },
    {
      "proposedChange": "Add new information type.",
      "idx": 77,
      "definition": "Description of the content and schedule of a service using broadcast technology of radiocommunications to deliver information (to every receiver within a direct range). Online resource to access the content may also be included.",
      "status": 2,
      "alias": "",
      "register_FK": 20,
      "proposalStatus": 3,
      "P_shortName": "IHO Hydro",
      "camelCase": "broadcastDetails",
      "remarks": "",
      "submittingMember_FK": 162,
      "similarityToSourceDefinition": "No change has been made to the specification.",
      "justification": "Required for S-123.",
      "proposalType": 1,
      "submitStatus": 1,
      "reference": "",
      "similarityToSource": "Unspecified",
      "organization": "IHO (WWNWS)",
      "dateAccepted": "2026-01-19",
      "referenceSource": "Unspecified",
      "name": "Broadcast Details",
      "fc_FK": 9675,
      "dateProposed": "2026-01-13"
    },
    {
      "proposedChange": "Add new information type.",
      "idx": 78,
      "definition": "Information related to the Quality of Service (QoS) of the connectivity.",
      "status": 2,
      "alias": "",
      "register_FK": 20,
      "proposalStatus": 3,
      "P_shortName": "IHO Hydro",
      "camelCase": "connectivityQualityOfService",
      "remarks": "",
      "submittingMember_FK": 162,
      "similarityToSourceDefinition": "No change has been made to the specification.",
      "justification": "Required for S-123.",
      "proposalType": 1,
      "submitStatus": 1,
      "reference": "",
      "similarityToSource": "Unspecified",
      "organization": "IHO (WWNWS)",
      "dateAccepted": "2026-01-19",
      "referenceSource": "Unspecified",
      "name": "Connectivity Quality of Service",
      "fc_FK": 9676,
      "dateProposed": "2026-01-13"
    },
    {
      "proposedChange": "Add new information type.",
      "idx": 79,
      "definition": "A service to provide decision support and advice to the seafarer on board responsible for medical care.",
      "status": 2,
      "alias": "",
      "register_FK": 20,
      "proposalStatus": 3,
      "P_shortName": "IHO Hydro",
      "camelCase": "telemedicalAssistanceService",
      "remarks": "",
      "submittingMember_FK": 162,
      "similarityToSourceDefinition": "No change has been made to the specification.",
      "justification": "Required for S-123.",
      "proposalType": 1,
      "submitStatus": 1,
      "reference": "",
      "similarityToSource": "Unspecified",
      "organization": "IHO (WWNWS)",
      "dateAccepted": "2026-01-19",
      "referenceSource": "Unspecified",
      "name": "Telemedical Assistance Service",
      "fc_FK": 9168,
      "dateProposed": "2026-01-13"
    },
    {
      "proposedChange": "Add new information type.",
      "idx": 68,
      "definition": "Preamble information for warnings, notices and other types of messages in a navigational warning scheme.",
      "referenceItem_FK": 67,
      "status": 2,
      "alias": "",
      "register_FK": 20,
      "proposalStatus": 3,
      "P_shortName": "IHO Hydro",
      "camelCase": "navwarnPreamble",
      "remarks": "",
      "submittingMember_FK": 162,
      "similarityToSourceDefinition": "The style of the definition has been changed to match the style and structure of other specifications in the register that has imported the specification.",
      "justification": "Required for S-124.",
      "proposalType": 3,
      "submitStatus": 1,
      "reference": "",
      "similarityToSource": "Identical",
      "organization": "IHO (WWNWS)",
      "dateAccepted": "2022-09-12",
      "referenceSource": "IHO WWNWS-SC",
      "name": "NAVWARN Preamble",
      "fc_FK": 9137,
      "dateProposed": "2022-09-09"
    },
    {
      "proposedChange": "Add new information type.",
      "idx": 61,
      "definition": "References to for example a navigational warning, nautical publication or chart.",
      "referenceItem_FK": 59,
      "status": 2,
      "alias": "",
      "register_FK": 20,
      "proposalStatus": 3,
      "P_shortName": "IHO Hydro",
      "camelCase": "references",
      "remarks": "",
      "submittingMember_FK": 162,
      "similarityToSourceDefinition": "The style of the definition has been changed to match the style and structure of other specifications in the register that has imported the specification.",
      "justification": "Required for S-124.",
      "proposalType": 3,
      "submitStatus": 1,
      "reference": "",
      "similarityToSource": "Identical",
      "organization": "IHO (WWNWS)",
      "dateAccepted": "2022-08-29",
      "referenceSource": "IHO WWNWS-SC",
      "name": "References",
      "fc_FK": 7778,
      "dateProposed": "2022-08-25"
    },
    {
      "proposedChange": "new",
      "idx": 52,
      "definition": "Services that are available for a given port.",
      "status": 2,
      "alias": "Port Services",
      "register_FK": 20,
      "proposalStatus": 3,
      "P_shortName": "IHO Hydro",
      "camelCase": "availablePortServices",
      "remarks": "",
      "submittingMember_FK": 56,
      "similarityToSourceDefinition": "No change has been made to the specification.",
      "justification": "For S-131",
      "proposalType": 1,
      "submitStatus": 1,
      "reference": "",
      "similarityToSource": "Unspecified",
      "organization": "IHO (TWCWG)",
      "dateAccepted": "2022-08-06",
      "referenceSource": "IHO Nautical Information Provision Working Group",
      "name": "Available Port Services",
      "fc_FK": 8270,
      "dateProposed": "2022-08-02"
    },
    {
      "proposedChange": "New",
      "idx": 53,
      "definition": "The seaward end of a channel, harbour, dock, etc.",
      "status": 2,
      "alias": "",
      "register_FK": 20,
      "proposalStatus": 3,
      "P_shortName": "IHO Hydro",
      "camelCase": "entrance",
      "remarks": "",
      "submittingMember_FK": 56,
      "similarityToSourceDefinition": "The style of the definition has been changed to match the style and structure of other specifications in the register that has imported the specification.",
      "justification": "For S-131",
      "proposalType": 1,
      "submitStatus": 1,
      "reference": "https://portal.iho.int/iho-ohi/S32/engView.php?quick_filter=entrance&quick_filter_operator=Equals",
      "similarityToSource": "Identical",
      "organization": "IHO (TWCWG)",
      "dateAccepted": "2022-08-06",
      "referenceSource": "Hydrographic Dictionary, Part I Volume I, English",
      "name": "Entrance",
      "fc_FK": 4767,
      "dateProposed": "2022-08-02"
    },
    {
      "proposedChange": "New information type transferred from Feature Concept Dictionary Register.",
      "idx": 27,
      "definition": "Information on how to reach a person or organisation by postal, internet, telephone, telex and radio systems.",
      "referenceItem_FK": 1,
      "status": 2,
      "alias": "",
      "register_FK": 20,
      "proposalStatus": 3,
      "P_shortName": "IHO Hydro",
      "camelCase": "contactDetails",
      "remarks": "",
      "submittingMember_FK": 64,
      "similarityToSourceDefinition": "The style of the definition has been changed to match the style and structure of other specifications in the register that has imported the specification.",
      "justification": "Initial population of Data Dictionary Register.",
      "proposalType": 2,
      "submitStatus": 1,
      "reference": "Edition 1.0.0, clause 24.1",
      "similarityToSource": "Identical",
      "organization": "IHO Secretariat",
      "dateAccepted": "2021-04-07",
      "referenceSource": "S-101 IHO Electronic Navigational Chart Product Specification",
      "name": "Contact Details",
      "fc_FK": 1386,
      "dateProposed": "2021-04-07"
    },
    {
      "proposedChange": "New information type transferred from Feature Concept Dictionary Register.",
      "idx": 28,
      "definition": "The time when a service is available and known exceptions.",
      "referenceItem_FK": 2,
      "status": 2,
      "alias": "",
      "register_FK": 20,
      "proposalStatus": 3,
      "P_shortName": "IHO Hydro",
      "camelCase": "serviceHours",
      "remarks": "",
      "submittingMember_FK": 64,
      "similarityToSourceDefinition": "The style of the definition has been changed to match the style and structure of other specifications in the register that has imported the specification.",
      "justification": "Initial population of Data Dictionary Register.",
      "proposalType": 2,
      "submitStatus": 1,
      "reference": "Edition 1.0.0, Clause 24.2",
      "similarityToSource": "Identical",
      "organization": "IHO Secretariat",
      "dateAccepted": "2021-04-07",
      "referenceSource": "S-101 IHO Electronic Navigational Chart Product Specification",
      "name": "Service Hours",
      "fc_FK": 1402,
      "dateProposed": "2021-04-07"
    },
    {
      "proposedChange": "New information type transferred from Feature Concept Dictionary Register.",
      "idx": 29,
      "definition": "Days when many services are not available. Often days of festivity or recreation or public holidays when normal working hours are limited, especially a national or religious festival, etc.",
      "referenceItem_FK": 3,
      "status": 2,
      "alias": "",
      "register_FK": 20,
      "proposalStatus": 3,
      "P_shortName": "IHO Hydro",
      "camelCase": "nonStandardWorkingDay",
      "remarks": "",
      "submittingMember_FK": 64,
      "similarityToSourceDefinition": "The specification includes information about its context that is not explicit in the specification in the external source.",
      "justification": "Initial population of Data Dictionary Register.",
      "proposalType": 2,
      "submitStatus": 1,
      "reference": "2018",
      "similarityToSource": "Restyled",
      "organization": "IHO Secretariat",
      "dateAccepted": "2021-04-07",
      "referenceSource": "IHO Nautical Information Provision Working Group",
      "name": "Non-Standard Working Day",
      "fc_FK": 1423,
      "dateProposed": "2021-04-07"
    },
    {
      "proposedChange": "New information type transferred from Feature Concept Dictionary Register.",
      "idx": 30,
      "definition": "Nautical information about a related area or facility.",
      "referenceItem_FK": 4,
      "status": 2,
      "alias": "",
      "register_FK": 20,
      "proposalStatus": 3,
      "P_shortName": "IHO Hydro",
      "camelCase": "nauticalInformation",
      "remarks": "",
      "submittingMember_FK": 64,
      "similarityToSourceDefinition": "The style of the definition has been changed to match the style and structure of other specifications in the register that has imported the specification.",
      "justification": "Initial population of Data Dictionary Register.",
      "proposalType": 2,
      "submitStatus": 1,
      "reference": "Edition 1.0.0, Clause 24.4",
      "similarityToSource": "Identical",
      "organization": "IHO Secretariat",
      "dateAccepted": "2021-04-07",
      "referenceSource": "S-101 IHO Electronic Navigational Chart Product Specification",
      "name": "Nautical Information",
      "fc_FK": 1426,
      "dateProposed": "2021-04-07"
    },
    {
      "proposedChange": "New information type transferred from Feature Concept Dictionary Register.",
      "idx": 31,
      "definition": "The indication of the quality of the locational information for features in a dataset.",
      "referenceItem_FK": 5,
      "status": 2,
      "alias": "",
      "register_FK": 20,
      "proposalStatus": 3,
      "P_shortName": "IHO Hydro",
      "camelCase": "spatialQuality",
      "remarks": "",
      "submittingMember_FK": 64,
      "similarityToSourceDefinition": "The style of the definition has been changed to match the style and structure of other specifications in the register that has imported the specification.",
      "justification": "Initial population of Data Dictionary Register.",
      "proposalType": 2,
      "submitStatus": 1,
      "reference": "Edition 1.0.0, Clause 24.5",
      "similarityToSource": "Identical",
      "organization": "IHO Secretariat",
      "dateAccepted": "2021-04-07",
      "referenceSource": "S-101 IHO Electronic Navigational Chart Product Specification",
      "name": "Spatial Quality",
      "fc_FK": 1428,
      "dateProposed": "2021-04-07"
    },
    {
      "proposedChange": "New information type transferred from Feature Concept Dictionary Register.",
      "idx": 32,
      "definition": "A schedule listing events and the times at which they will take place.",
      "referenceItem_FK": 6,
      "status": 2,
      "alias": "tisdge",
      "register_FK": 20,
      "proposalStatus": 3,
      "P_shortName": "IHO Hydro",
      "camelCase": "timeScheduleInGeneral",
      "remarks": "",
      "submittingMember_FK": 64,
      "similarityToSourceDefinition": "The style of the definition has been changed to match the style and structure of other specifications in the register that has imported the specification.",
      "justification": "Initial population of Data Dictionary Register.",
      "proposalType": 2,
      "submitStatus": 1,
      "reference": "Edition 2.4 Feature Catalogue",
      "similarityToSource": "Identical",
      "organization": "IHO Secretariat",
      "dateAccepted": "2021-04-07",
      "referenceSource": "Electronic Chart Display and Information System for Inland Navigation, Section 2: Data Standard, Appendix A: Object Catalogue for Inland ECDIS",
      "name": "Time Schedule - In General",
      "fc_FK": 1760,
      "dateProposed": "2021-04-07"
    },
    {
      "proposedChange": "New information type transferred from Feature Concept Dictionary Register.",
      "idx": 33,
      "definition": "An abstract superclass for information types that encode rules, recommendations, and general information in text or graphic form.",
      "referenceItem_FK": 7,
      "status": 2,
      "alias": "",
      "register_FK": 20,
      "proposalStatus": 3,
      "P_shortName": "IHO Hydro",
      "camelCase": "abstractRxN",
      "remarks": "",
      "submittingMember_FK": 64,
      "similarityToSourceDefinition": "The style of the definition has been changed to match the style and structure of other specifications in the register that has imported the specification.",
      "justification": "New item transferred from Feature Concept Dictionary Register.",
      "proposalType": 2,
      "submitStatus": 1,
      "reference": "2017",
      "similarityToSource": "Identical",
      "organization": "IHO Secretariat",
      "dateAccepted": "2021-04-07",
      "referenceSource": "IHO Nautical Information Provision Working Group",
      "name": "AbstractRxN",
      "fc_FK": 2048,
      "dateProposed": "2021-04-07"
    },
    {
      "proposedChange": "New information type transferred from Feature Concept Dictionary Register.",
      "idx": 34,
      "definition": "Additional textual information relating to a one or more geographic locations.",
      "referenceItem_FK": 8,
      "status": 2,
      "alias": "",
      "register_FK": 20,
      "proposalStatus": 3,
      "P_shortName": "IHO Hydro",
      "camelCase": "additionalSpatialInformation",
      "remarks": "",
      "submittingMember_FK": 64,
      "similarityToSourceDefinition": "The style of the definition has been changed to match the style and structure of other specifications in the register that has imported the specification.",
      "justification": "Initial population of Data Dictionary Register.",
      "proposalType": 2,
      "submitStatus": 1,
      "reference": "2019",
      "similarityToSource": "Identical",
      "organization": "IHO Secretariat",
      "dateAccepted": "2021-04-07",
      "referenceSource": "IHO S-121 Project Team",
      "name": "Additional Spatial Information",
      "fc_FK": 2055,
      "dateProposed": "2021-04-07"
    },
    {
      "proposedChange": "New information type transferred from Feature Concept Dictionary Register.",
      "idx": 35,
      "definition": "Describes the relationship between vessel characteristics and: (i) the applicability of an associated information object or feature to the vessel; or, (ii) the use of a facility, place, or service by the vessel; or, (iii) passage of the vessel through an area.",
      "referenceItem_FK": 9,
      "status": 2,
      "alias": "",
      "register_FK": 20,
      "proposalStatus": 3,
      "P_shortName": "IHO Hydro",
      "camelCase": "applicability",
      "remarks": "",
      "submittingMember_FK": 64,
      "similarityToSourceDefinition": "The style of the definition has been changed to match the style and structure of other specifications in the register that has imported the specification.",
      "justification": "Initial population of Data Dictionary Register.",
      "proposalType": 2,
      "submitStatus": 1,
      "reference": "2017",
      "similarityToSource": "Identical",
      "organization": "IHO Secretariat",
      "dateAccepted": "2021-04-07",
      "referenceSource": "IHO Nautical Information Provision Working Group",
      "name": "Applicability",
      "fc_FK": 2092,
      "dateProposed": "2021-04-07"
    },
    {
      "proposedChange": "New information type transferred from Feature Concept Dictionary Register.",
      "idx": 36,
      "definition": "A person or organisation having political or administrative power and control.",
      "referenceItem_FK": 10,
      "status": 2,
      "alias": "",
      "register_FK": 20,
      "proposalStatus": 3,
      "P_shortName": "IHO Hydro",
      "camelCase": "authority",
      "remarks": "",
      "submittingMember_FK": 64,
      "similarityToSourceDefinition": "The style of the definition has been changed to match the style and structure of other specifications in the register that has imported the specification.",
      "justification": "Initial population of Data Dictionary Register.",
      "proposalType": 2,
      "submitStatus": 1,
      "reference": "2017",
      "similarityToSource": "Identical",
      "organization": "IHO Secretariat",
      "dateAccepted": "2021-04-07",
      "referenceSource": "IHO Nautical Information Provision Working Group",
      "name": "Authority",
      "fc_FK": 2121,
      "dateProposed": "2021-04-07"
    },
    {
      "proposedChange": "New information type transferred from Feature Concept Dictionary Register.",
      "idx": 37,
      "definition": "An entity to which (one or more) unique and homogeneous &quot;Right&quot;, &quot;Responsibility&quot; or &quot;Restriction&quot; are associated.",
      "referenceItem_FK": 11,
      "status": 2,
      "alias": "",
      "register_FK": 20,
      "proposalStatus": 3,
      "P_shortName": "IHO Hydro",
      "camelCase": "basicAdministrativeUnit",
      "remarks": "",
      "submittingMember_FK": 64,
      "similarityToSourceDefinition": "The specification includes information about its context that is not explicit in the specification in the external source.",
      "justification": "Initial population of Data Dictionary Register.",
      "proposalType": 2,
      "submitStatus": 1,
      "reference": "2019",
      "similarityToSource": "Restyled",
      "organization": "IHO Secretariat",
      "dateAccepted": "2021-04-07",
      "referenceSource": "IHO S-121 Project Team",
      "name": "Basic Administrative Unit",
      "fc_FK": 2128,
      "dateProposed": "2021-04-07"
    },
    {
      "proposedChange": "New information type transferred from Feature Concept Dictionary Register.",
      "idx": 38,
      "definition": "The national authority providing a data in an official capacity.",
      "referenceItem_FK": 12,
      "status": 2,
      "alias": "",
      "register_FK": 20,
      "proposalStatus": 3,
      "P_shortName": "IHO Hydro",
      "camelCase": "dataProvider",
      "remarks": "",
      "submittingMember_FK": 64,
      "similarityToSourceDefinition": "The style of the definition has been changed to match the style and structure of other specifications in the register that has imported the specification.",
      "justification": "Initial population of Data Dictionary Register.",
      "proposalType": 2,
      "submitStatus": 1,
      "reference": "2018",
      "similarityToSource": "Identical",
      "organization": "IHO Secretariat",
      "dateAccepted": "2021-04-07",
      "referenceSource": "S-412 WMO Weather Product Specification",
      "name": "Data Provider",
      "fc_FK": 9368,
      "dateProposed": "2021-04-07"
    },
    {
      "proposedChange": "New information type transferred from Feature Concept Dictionary Register.",
      "idx": 39,
      "definition": "Detailed information about a specific DGNSS station.",
      "referenceItem_FK": 13,
      "status": 2,
      "alias": "",
      "register_FK": 20,
      "proposalStatus": 3,
      "P_shortName": "IHO Hydro",
      "camelCase": "dGNSSStationAlmanac",
      "remarks": "",
      "submittingMember_FK": 64,
      "similarityToSourceDefinition": "The style of the definition has been changed to match the style and structure of other specifications in the register that has imported the specification.",
      "justification": "Initial population of Data Dictionary Register.",
      "proposalType": 2,
      "submitStatus": 1,
      "reference": "2017",
      "similarityToSource": "Identical",
      "organization": "IHO Secretariat",
      "dateAccepted": "2021-04-07",
      "referenceSource": "S-201 IALA Aids to Navigation Product Specification",
      "name": "DGNSS Station Almanac",
      "fc_FK": 2339,
      "dateProposed": "2021-04-07"
    },
    {
      "proposedChange": "New information type transferred from Feature Concept Dictionary Register.",
      "idx": 40,
      "definition": "Approximate region where DGNSS station is located.",
      "referenceItem_FK": 14,
      "status": 2,
      "alias": "",
      "register_FK": 20,
      "proposalStatus": 3,
      "P_shortName": "IHO Hydro",
      "camelCase": "dGNSSStationRegion",
      "remarks": "",
      "submittingMember_FK": 64,
      "similarityToSourceDefinition": "The style of the definition has been changed to match the style and structure of other specifications in the register that has imported the specification.",
      "justification": "Initial population of Data Dictionary Register.",
      "proposalType": 2,
      "submitStatus": 1,
      "reference": "2017",
      "similarityToSource": "Identical",
      "organization": "IHO Secretariat",
      "dateAccepted": "2021-04-07",
      "referenceSource": "S-201 IALA Aids to Navigation Product Specification",
      "name": "DGNSS Station Region",
      "fc_FK": 2340,
      "dateProposed": "2021-04-07"
    },
    {
      "proposedChange": "New information type transferred from Feature Concept Dictionary Register.",
      "idx": 41,
      "definition": "A description of the legal context information from a proclamation, law or treaty document.",
      "referenceItem_FK": 15,
      "status": 2,
      "alias": "",
      "register_FK": 20,
      "proposalStatus": 3,
      "P_shortName": "IHO Hydro",
      "camelCase": "governance",
      "remarks": "Governance information defines title, reference number, date and other associated information linked to the particular proclamation, law and treaty documents to support the provision of specific description or interpretation that is applicable to the selected set of features. A governance information type should contain all of the required legal text.",
      "submittingMember_FK": 64,
      "similarityToSourceDefinition": "The style of the definition has been changed to match the style and structure of other specifications in the register that has imported the specification.",
      "justification": "Initial population of Data Dictionary Register.",
      "proposalType": 2,
      "submitStatus": 1,
      "reference": "2019",
      "similarityToSource": "Identical",
      "organization": "IHO Secretariat",
      "dateAccepted": "2021-04-07",
      "referenceSource": "IHO S-121 Project Team",
      "name": "Governance",
      "fc_FK": 2494,
      "dateProposed": "2021-04-07"
    },
    {
      "proposedChange": "New information type transferred from Feature Concept Dictionary Register.",
      "idx": 42,
      "definition": "Generalized information type which carries all the common attributes.",
      "referenceItem_FK": 16,
      "status": 2,
      "alias": "",
      "register_FK": 20,
      "proposalStatus": 3,
      "P_shortName": "IHO Hydro",
      "camelCase": "informationType",
      "remarks": "",
      "submittingMember_FK": 64,
      "similarityToSourceDefinition": "The style of the definition has been changed to match the style and structure of other specifications in the register that has imported the specification.",
      "justification": "Initial population of Data Dictionary Register.",
      "proposalType": 2,
      "submitStatus": 1,
      "reference": "2017",
      "similarityToSource": "Identical",
      "organization": "IHO Secretariat",
      "dateAccepted": "2021-04-07",
      "referenceSource": "IHO Nautical Information Provision Working Group",
      "name": "Information Type",
      "fc_FK": 2655,
      "dateProposed": "2021-04-07"
    },
    {
      "proposedChange": "New information type transferred from Feature Concept Dictionary Register.",
      "idx": 43,
      "definition": "A person or organization or group that plays a role in a rights transaction.",
      "referenceItem_FK": 17,
      "status": 2,
      "alias": "",
      "register_FK": 20,
      "proposalStatus": 3,
      "P_shortName": "IHO Hydro",
      "camelCase": "party",
      "remarks": "",
      "submittingMember_FK": 64,
      "similarityToSourceDefinition": "The style of the definition has been changed to match the style and structure of other specifications in the register that has imported the specification.",
      "justification": "Initial population of Data Dictionary Register.",
      "proposalType": 2,
      "submitStatus": 1,
      "reference": "Clause 6.3.1",
      "similarityToSource": "Identical",
      "organization": "IHO Secretariat",
      "dateAccepted": "2021-04-07",
      "referenceSource": "ISO 19152:2012, Geographic Information - Land Administration Domain Model",
      "name": "Party",
      "fc_FK": 2993,
      "dateProposed": "2021-04-07"
    },
    {
      "proposedChange": "New information type transferred from Feature Concept Dictionary Register.",
      "idx": 44,
      "definition": "Recommendations for a related area or facility.",
      "referenceItem_FK": 18,
      "status": 2,
      "alias": "RCMDTS",
      "register_FK": 20,
      "proposalStatus": 3,
      "P_shortName": "IHO Hydro",
      "camelCase": "recommendations",
      "remarks": "",
      "submittingMember_FK": 64,
      "similarityToSourceDefinition": "The style of the definition has been changed to match the style and structure of other specifications in the register that has imported the specification.",
      "justification": "Initial population of Data Dictionary Register.",
      "proposalType": 2,
      "submitStatus": 1,
      "reference": "2016",
      "similarityToSource": "Identical",
      "organization": "IHO Secretariat",
      "dateAccepted": "2021-04-07",
      "referenceSource": "IHO Nautical Information Provision Working Group",
      "name": "Recommendations",
      "fc_FK": 3098,
      "dateProposed": "2021-04-07"
    },
    {
      "proposedChange": "New information type transferred from Feature Concept Dictionary Register.",
      "idx": 45,
      "definition": "Regulations for a related area or facility.",
      "referenceItem_FK": 19,
      "status": 2,
      "alias": "REGLTS",
      "register_FK": 20,
      "proposalStatus": 3,
      "P_shortName": "IHO Hydro",
      "camelCase": "regulations",
      "remarks": "",
      "submittingMember_FK": 64,
      "similarityToSourceDefinition": "The style of the definition has been changed to match the style and structure of other specifications in the register that has imported the specification.",
      "justification": "Initial population of Data Dictionary Register.",
      "proposalType": 2,
      "submitStatus": 1,
      "reference": "2016",
      "similarityToSource": "Identical",
      "organization": "IHO Secretariat",
      "dateAccepted": "2021-04-07",
      "referenceSource": "IHO Nautical Information Provision Working Group",
      "name": "Regulations",
      "fc_FK": 3112,
      "dateProposed": "2021-04-07"
    },
    {
      "proposedChange": "New information type transferred from Feature Concept Dictionary Register.",
      "idx": 46,
      "definition": "A formal or informal obligation to do something.",
      "referenceItem_FK": 20,
      "status": 2,
      "alias": "",
      "register_FK": 20,
      "proposalStatus": 3,
      "P_shortName": "IHO Hydro",
      "camelCase": "responsibility",
      "remarks": "",
      "submittingMember_FK": 64,
      "similarityToSourceDefinition": "The style of the definition has been changed to match the style and structure of other specifications in the register that has imported the specification.",
      "justification": "Initial population of Data Dictionary Register.",
      "proposalType": 2,
      "submitStatus": 1,
      "reference": "Clause 6.4.5",
      "similarityToSource": "Identical",
      "organization": "IHO Secretariat",
      "dateAccepted": "2021-04-07",
      "referenceSource": "ISO 19152:2012, Geographic Information - Land Administration Domain Model",
      "name": "Responsibility",
      "fc_FK": 3135,
      "dateProposed": "2021-04-07"
    },
    {
      "proposedChange": "New information type transferred from Feature Concept Dictionary Register.",
      "idx": 47,
      "definition": "Restrictions for a related area or facility.",
      "referenceItem_FK": 21,
      "status": 2,
      "alias": "RESDES",
      "register_FK": 20,
      "proposalStatus": 3,
      "P_shortName": "IHO Hydro",
      "camelCase": "restrictions",
      "remarks": "",
      "submittingMember_FK": 64,
      "similarityToSourceDefinition": "The style of the definition has been changed to match the style and structure of other specifications in the register that has imported the specification.",
      "justification": "Initial population of Data Dictionary Register.",
      "proposalType": 2,
      "submitStatus": 1,
      "reference": "2016",
      "similarityToSource": "Identical",
      "organization": "IHO Secretariat",
      "dateAccepted": "2021-04-07",
      "referenceSource": "IHO Nautical Information Provision Working Group",
      "name": "Restrictions",
      "fc_FK": 3141,
      "dateProposed": "2021-04-07"
    },
    {
      "proposedChange": "New information type transferred from Feature Concept Dictionary Register.",
      "idx": 48,
      "definition": "Description of how a ship should report to a maritime authority, including when to report, what to report and whether the format conforms to the IMO standard.",
      "referenceItem_FK": 22,
      "status": 2,
      "alias": "SHPREP",
      "register_FK": 20,
      "proposalStatus": 3,
      "P_shortName": "IHO Hydro",
      "camelCase": "shipReport",
      "remarks": "",
      "submittingMember_FK": 64,
      "similarityToSourceDefinition": "The style of the definition has been changed to match the style and structure of other specifications in the register that has imported the specification.",
      "justification": "Initial population of Data Dictionary Register.",
      "proposalType": 2,
      "submitStatus": 1,
      "reference": "2018",
      "similarityToSource": "Identical",
      "organization": "IHO Secretariat",
      "dateAccepted": "2021-04-07",
      "referenceSource": "IHO Nautical Information Provision Working Group",
      "name": "Ship Report",
      "fc_FK": 3203,
      "dateProposed": "2021-04-07"
    },
    {
      "proposedChange": "New information type transferred from Feature Concept Dictionary Register.",
      "idx": 49,
      "definition": "Spatial quality points.",
      "referenceItem_FK": 23,
      "status": 2,
      "alias": "",
      "register_FK": 20,
      "proposalStatus": 3,
      "P_shortName": "IHO Hydro",
      "camelCase": "spatialQualityPoints",
      "remarks": "",
      "submittingMember_FK": 64,
      "similarityToSourceDefinition": "The style of the definition has been changed to match the style and structure of other specifications in the register that has imported the specification.",
      "justification": "Initial population of Data Dictionary Register.",
      "proposalType": 2,
      "submitStatus": 1,
      "reference": "2020",
      "similarityToSource": "Identical",
      "organization": "IHO Secretariat",
      "dateAccepted": "2021-04-07",
      "referenceSource": "IHO Geospatial Information Registry Manager",
      "name": "Spatial Quality Points",
      "fc_FK": 3262,
      "dateProposed": "2021-04-07"
    },
    {
      "proposedChange": "New information type transferred from Feature Concept Dictionary Register.",
      "idx": 50,
      "definition": "Additional information that is useful within the context.",
      "referenceItem_FK": 24,
      "status": 2,
      "alias": "",
      "register_FK": 20,
      "proposalStatus": 3,
      "P_shortName": "IHO Hydro",
      "camelCase": "supplementaryInformation",
      "remarks": "",
      "submittingMember_FK": 64,
      "similarityToSourceDefinition": "The style of the definition has been changed to match the style and structure of other specifications in the register that has imported the specification.",
      "justification": "Initial population of Data Dictionary Register.",
      "proposalType": 2,
      "submitStatus": 1,
      "reference": "2017",
      "similarityToSource": "Identical",
      "organization": "IHO Secretariat",
      "dateAccepted": "2021-04-07",
      "referenceSource": "S-201 IALA Aids to Navigation Product Specification",
      "name": "Supplementary Information",
      "fc_FK": 3302,
      "dateProposed": "2021-04-07"
    },
    {
      "proposedChange": "New information type transferred from Feature Concept Dictionary Register.",
      "idx": 51,
      "definition": "Supplementary information accompanying a weather message.",
      "referenceItem_FK": 26,
      "status": 2,
      "alias": "",
      "register_FK": 20,
      "proposalStatus": 3,
      "P_shortName": "IHO Hydro",
      "camelCase": "weatherHazardMessageInformation",
      "remarks": "",
      "submittingMember_FK": 64,
      "similarityToSourceDefinition": "The style of the definition has been changed to match the style and structure of other specifications in the register that has imported the specification.",
      "justification": "Initial population of Data Dictionary Register.",
      "proposalType": 2,
      "submitStatus": 1,
      "reference": "2018",
      "similarityToSource": "Identical",
      "organization": "IHO Secretariat",
      "dateAccepted": "2021-04-07",
      "referenceSource": "S-412 WMO Weather Product Specification",
      "name": "Weather Hazard Message Information",
      "fc_FK": 3476,
      "dateProposed": "2021-04-07"
    },
    {
      "proposedChange": "New information type transferred from Feature Concept Dictionary Register.",
      "idx": 25,
      "definition": "An S-412 specific type for an identifiable object carrying supplementary information for other objects.",
      "status": 2,
      "alias": "",
      "register_FK": 90,
      "proposalStatus": 3,
      "P_shortName": "WMO",
      "camelCase": "s412InformationType",
      "remarks": "",
      "submittingMember_FK": 64,
      "similarityToSourceDefinition": "The style of the definition has been changed to match the style and structure of other specifications in the register that has imported the specification.",
      "justification": "Initial population of Data Dictionary Register.",
      "proposalType": 1,
      "submitStatus": 1,
      "reference": "2018",
      "similarityToSource": "Identical",
      "organization": "IHO Secretariat",
      "dateAccepted": "2020-07-13",
      "referenceSource": "S-412 WMO Weather Product Specification",
      "name": "S-412 Information Type",
      "fc_FK": 3312,
      "dateProposed": "2020-07-13"
    }
  ],
  "resultCode": "000",
  "resultMsg": "Success",
  "count": 35
}