{
  "data": [
    {
      "proposedChange": "Add new information type.",
      "idx": 75,
      "definition": "The control centre of the radio service or radio stations",
      "status": 2,
      "alias": "",
      "register_FK": 20,
      "proposalStatus": 3,
      "P_shortName": "IHO Hydro",
      "camelCase": "radioControlCentre",
      "remarks": "",
      "submittingMember_FK": 162,
      "similarityToSourceDefinition": "No change has been made to the specification.",
      "justification": "Required for S-123.",
      "proposalType": 1,
      "submitStatus": 1,
      "reference": "",
      "similarityToSource": "Unspecified",
      "organization": "IHO (WWNWS)",
      "dateAccepted": "2026-01-19",
      "referenceSource": "Unspecified",
      "name": "Radio Control Centre",
      "fc_FK": 9677,
      "dateProposed": "2026-01-13"
    },
    {
      "proposedChange": "Add new information type.",
      "idx": 76,
      "definition": "Description of the radiocommunication service with respect to the radio method and radio channels for the transfer of information by means of signals.",
      "status": 2,
      "alias": "",
      "register_FK": 20,
      "proposalStatus": 3,
      "P_shortName": "IHO Hydro",
      "camelCase": "transmissionDetails",
      "remarks": "",
      "submittingMember_FK": 162,
      "similarityToSourceDefinition": "No change has been made to the specification.",
      "justification": "Required for S-123.",
      "proposalType": 1,
      "submitStatus": 1,
      "reference": "",
      "similarityToSource": "Unspecified",
      "organization": "IHO (WWNWS)",
      "dateAccepted": "2026-01-19",
      "referenceSource": "Unspecified",
      "name": "Transmission Details",
      "fc_FK": 9678,
      "dateProposed": "2026-01-13"
    },
    {
      "proposedChange": "Add new information type.",
      "idx": 77,
      "definition": "Description of the content and schedule of a service using broadcast technology of radiocommunications to deliver information (to every receiver within a direct range). Online resource to access the content may also be included.",
      "status": 2,
      "alias": "",
      "register_FK": 20,
      "proposalStatus": 3,
      "P_shortName": "IHO Hydro",
      "camelCase": "broadcastDetails",
      "remarks": "",
      "submittingMember_FK": 162,
      "similarityToSourceDefinition": "No change has been made to the specification.",
      "justification": "Required for S-123.",
      "proposalType": 1,
      "submitStatus": 1,
      "reference": "",
      "similarityToSource": "Unspecified",
      "organization": "IHO (WWNWS)",
      "dateAccepted": "2026-01-19",
      "referenceSource": "Unspecified",
      "name": "Broadcast Details",
      "fc_FK": 9675,
      "dateProposed": "2026-01-13"
    },
    {
      "proposedChange": "Add new information type.",
      "idx": 78,
      "definition": "Information related to the Quality of Service (QoS) of the connectivity.",
      "status": 2,
      "alias": "",
      "register_FK": 20,
      "proposalStatus": 3,
      "P_shortName": "IHO Hydro",
      "camelCase": "connectivityQualityOfService",
      "remarks": "",
      "submittingMember_FK": 162,
      "similarityToSourceDefinition": "No change has been made to the specification.",
      "justification": "Required for S-123.",
      "proposalType": 1,
      "submitStatus": 1,
      "reference": "",
      "similarityToSource": "Unspecified",
      "organization": "IHO (WWNWS)",
      "dateAccepted": "2026-01-19",
      "referenceSource": "Unspecified",
      "name": "Connectivity Quality of Service",
      "fc_FK": 9676,
      "dateProposed": "2026-01-13"
    },
    {
      "proposedChange": "Add new information type.",
      "idx": 79,
      "definition": "A service to provide decision support and advice to the seafarer on board responsible for medical care.",
      "status": 2,
      "alias": "",
      "register_FK": 20,
      "proposalStatus": 3,
      "P_shortName": "IHO Hydro",
      "camelCase": "telemedicalAssistanceService",
      "remarks": "",
      "submittingMember_FK": 162,
      "similarityToSourceDefinition": "No change has been made to the specification.",
      "justification": "Required for S-123.",
      "proposalType": 1,
      "submitStatus": 1,
      "reference": "",
      "similarityToSource": "Unspecified",
      "organization": "IHO (WWNWS)",
      "dateAccepted": "2026-01-19",
      "referenceSource": "Unspecified",
      "name": "Telemedical Assistance Service",
      "fc_FK": 9168,
      "dateProposed": "2026-01-13"
    }
  ],
  "resultCode": "000",
  "resultMsg": "Success",
  "count": 5
}