{
  "data": [
    {
      "proposedChange": "Add standard values",
      "referenceItem_FK": 1330,
      "attributeTypeName": "S100_CodeList",
      "proposalStatus": 3,
      "P_shortName": "IHO Hydro",
      "remarks": "",
      "camelCase": "actionOrActivity",
      "attributeType": 3,
      "justification": "Add standard values for S-122 2.0.0",
      "similarityToSourceDefinition": "The style of the definition has been changed to match the style and structure of other specifications in the register that has imported the specification.",
      "proposalType": 2,
      "submitStatus": 1,
      "organization": "IHO (TWCWG)",
      "referenceSource": "IHO Nautical Information Provision Working Group",
      "name": "Action or Activity",
      "dateProposed": "2026-01-28",
      "codelistType": 1,
      "idx": 1373,
      "definition": "The action or activity of a vessel.",
      "alias": "",
      "status": 2,
      "register_FK": 20,
      "submittingMember_FK": 56,
      "reference": "2017",
      "similarityToSource": "Identical",
      "dateAccepted": "2026-01-29",
      "fc_FK": 2051
    },
    {
      "proposedChange": "Add listed value needed for S-131",
      "referenceItem_FK": 1327,
      "attributeTypeName": "enumeration",
      "proposalStatus": 3,
      "P_shortName": "IHO Hydro",
      "remarks": "",
      "camelCase": "categoryOfVoltage",
      "attributeType": 2,
      "justification": "The additional value is needed for S-131. Feature catalogues for any product can omit listed values they do not use.",
      "similarityToSourceDefinition": "The style of the definition has been changed to match the style and structure of other specifications in the register that has imported the specification.",
      "proposalType": 2,
      "submitStatus": 1,
      "organization": "IHO (TWCWG)",
      "referenceSource": "Electronic Chart Display and Information System for Inland Navigation, Section 2: Data Standard, Appendix A: Object Catalogue for Inland ECDIS",
      "name": "Category of Voltage",
      "dateProposed": "2026-01-28",
      "idx": 1374,
      "definition": "The electrical voltage provided by the power supply station.",
      "alias": "catvol",
      "status": 2,
      "register_FK": 20,
      "submittingMember_FK": 56,
      "reference": "Edition 2.4 Feature Catalogue",
      "similarityToSource": "Identical",
      "dateAccepted": "2026-01-29",
      "fc_FK": 1516
    },
    {
      "proposedChange": "Add new attribute.",
      "attributeTypeName": "enumeration",
      "proposalStatus": 3,
      "remarks": "",
      "camelCase": "typeOfConnectivityResource",
      "P_shortName": "IHO Hydro",
      "attributeType": 2,
      "justification": "Required for S-123.",
      "similarityToSourceDefinition": "No change has been made to the specification.",
      "proposalType": 1,
      "submitStatus": 1,
      "organization": "IHO (WWNWS)",
      "referenceSource": "Unspecified",
      "name": "Type of Connectivity Resource",
      "dateProposed": "2026-01-12",
      "idx": 1335,
      "definition": "Categorization of the connectivity resource by Quality of Service (QoS).",
      "alias": "",
      "status": 2,
      "register_FK": 20,
      "submittingMember_FK": 162,
      "reference": "",
      "similarityToSource": "Unspecified",
      "dateAccepted": "2026-01-22",
      "fc_FK": 9435
    },
    {
      "proposedChange": "Add new attribute.",
      "attributeTypeName": "enumeration",
      "proposalStatus": 3,
      "remarks": "",
      "camelCase": "servingMobileSatelliteService",
      "P_shortName": "IHO Hydro",
      "attributeType": 2,
      "justification": "Required for S-123.",
      "similarityToSourceDefinition": "No change has been made to the specification.",
      "proposalType": 1,
      "submitStatus": 1,
      "organization": "IHO (WWNWS)",
      "referenceSource": "Unspecified",
      "name": "Serving Mobile Satellite Service",
      "dateProposed": "2026-01-12",
      "idx": 1358,
      "definition": "The Recognized Mobile Satellite Service (RMSS) providing the service through a satellite system that is recognized by the IMO, for use in the GMDSS\t",
      "alias": "",
      "status": 2,
      "register_FK": 20,
      "submittingMember_FK": 162,
      "reference": "",
      "similarityToSource": "Unspecified",
      "dateAccepted": "2026-01-22",
      "fc_FK": 9433
    },
    {
      "proposedChange": "Add new attribute.",
      "attributeTypeName": "enumeration",
      "proposalStatus": 3,
      "remarks": "",
      "camelCase": "typeOfNAVTEXService",
      "P_shortName": "IHO Hydro",
      "attributeType": 2,
      "justification": "Required for S-123.",
      "similarityToSourceDefinition": "No change has been made to the specification.",
      "proposalType": 1,
      "submitStatus": 1,
      "organization": "IHO (WWNWS)",
      "referenceSource": "IMO MSC.1/Circ.1403/Rev.2 NAVTEX Manual",
      "name": "Type of NAVTEX Service",
      "dateProposed": "2026-01-12",
      "idx": 1359,
      "definition": "Type of service of the NAVTEX, an international one or a national one.",
      "alias": "",
      "status": 2,
      "register_FK": 20,
      "submittingMember_FK": 162,
      "reference": "",
      "similarityToSource": "Unspecified",
      "dateAccepted": "2026-01-22",
      "fc_FK": 9436
    }
  ],
  "resultCode": "000",
  "resultMsg": "Success",
  "count": 5
}