{
  "data": [
    {
      "proposedChange": "Add standard values",
      "referenceItem_FK": 1330,
      "attributeTypeName": "S100_CodeList",
      "proposalStatus": 3,
      "P_shortName": "IHO Hydro",
      "remarks": "",
      "camelCase": "actionOrActivity",
      "attributeType": 3,
      "justification": "Add standard values for S-122 2.0.0",
      "similarityToSourceDefinition": "The style of the definition has been changed to match the style and structure of other specifications in the register that has imported the specification.",
      "proposalType": 2,
      "submitStatus": 1,
      "organization": "IHO (TWCWG)",
      "referenceSource": "IHO Nautical Information Provision Working Group",
      "name": "Action or Activity",
      "dateProposed": "2026-01-28",
      "codelistType": 1,
      "idx": 1373,
      "definition": "The action or activity of a vessel.",
      "alias": "",
      "status": 2,
      "register_FK": 20,
      "submittingMember_FK": 56,
      "reference": "2017",
      "similarityToSource": "Identical",
      "dateAccepted": "2026-01-29",
      "fc_FK": 2051
    },
    {
      "proposedChange": "Add listed value needed for S-131",
      "referenceItem_FK": 1327,
      "attributeTypeName": "enumeration",
      "proposalStatus": 3,
      "P_shortName": "IHO Hydro",
      "remarks": "",
      "camelCase": "categoryOfVoltage",
      "attributeType": 2,
      "justification": "The additional value is needed for S-131. Feature catalogues for any product can omit listed values they do not use.",
      "similarityToSourceDefinition": "The style of the definition has been changed to match the style and structure of other specifications in the register that has imported the specification.",
      "proposalType": 2,
      "submitStatus": 1,
      "organization": "IHO (TWCWG)",
      "referenceSource": "Electronic Chart Display and Information System for Inland Navigation, Section 2: Data Standard, Appendix A: Object Catalogue for Inland ECDIS",
      "name": "Category of Voltage",
      "dateProposed": "2026-01-28",
      "idx": 1374,
      "definition": "The electrical voltage provided by the power supply station.",
      "alias": "catvol",
      "status": 2,
      "register_FK": 20,
      "submittingMember_FK": 56,
      "reference": "Edition 2.4 Feature Catalogue",
      "similarityToSource": "Identical",
      "dateAccepted": "2026-01-29",
      "fc_FK": 1516
    },
    {
      "proposedChange": "Add new attribute.",
      "attributeTypeName": "enumeration",
      "proposalStatus": 3,
      "remarks": "",
      "camelCase": "typeOfConnectivityResource",
      "P_shortName": "IHO Hydro",
      "attributeType": 2,
      "justification": "Required for S-123.",
      "similarityToSourceDefinition": "No change has been made to the specification.",
      "proposalType": 1,
      "submitStatus": 1,
      "organization": "IHO (WWNWS)",
      "referenceSource": "Unspecified",
      "name": "Type of Connectivity Resource",
      "dateProposed": "2026-01-12",
      "idx": 1335,
      "definition": "Categorization of the connectivity resource by Quality of Service (QoS).",
      "alias": "",
      "status": 2,
      "register_FK": 20,
      "submittingMember_FK": 162,
      "reference": "",
      "similarityToSource": "Unspecified",
      "dateAccepted": "2026-01-22",
      "fc_FK": 9435
    },
    {
      "proposedChange": "Add new attribute.",
      "attributeTypeName": "enumeration",
      "proposalStatus": 3,
      "remarks": "",
      "camelCase": "servingMobileSatelliteService",
      "P_shortName": "IHO Hydro",
      "attributeType": 2,
      "justification": "Required for S-123.",
      "similarityToSourceDefinition": "No change has been made to the specification.",
      "proposalType": 1,
      "submitStatus": 1,
      "organization": "IHO (WWNWS)",
      "referenceSource": "Unspecified",
      "name": "Serving Mobile Satellite Service",
      "dateProposed": "2026-01-12",
      "idx": 1358,
      "definition": "The Recognized Mobile Satellite Service (RMSS) providing the service through a satellite system that is recognized by the IMO, for use in the GMDSS\t",
      "alias": "",
      "status": 2,
      "register_FK": 20,
      "submittingMember_FK": 162,
      "reference": "",
      "similarityToSource": "Unspecified",
      "dateAccepted": "2026-01-22",
      "fc_FK": 9433
    },
    {
      "proposedChange": "Add new attribute.",
      "attributeTypeName": "enumeration",
      "proposalStatus": 3,
      "remarks": "",
      "camelCase": "typeOfNAVTEXService",
      "P_shortName": "IHO Hydro",
      "attributeType": 2,
      "justification": "Required for S-123.",
      "similarityToSourceDefinition": "No change has been made to the specification.",
      "proposalType": 1,
      "submitStatus": 1,
      "organization": "IHO (WWNWS)",
      "referenceSource": "IMO MSC.1/Circ.1403/Rev.2 NAVTEX Manual",
      "name": "Type of NAVTEX Service",
      "dateProposed": "2026-01-12",
      "idx": 1359,
      "definition": "Type of service of the NAVTEX, an international one or a national one.",
      "alias": "",
      "status": 2,
      "register_FK": 20,
      "submittingMember_FK": 162,
      "reference": "",
      "similarityToSource": "Unspecified",
      "dateAccepted": "2026-01-22",
      "fc_FK": 9436
    },
    {
      "proposedChange": "Add new attribute.",
      "attributeTypeName": "enumeration",
      "proposalStatus": 3,
      "remarks": "",
      "camelCase": "typeOfRadioService",
      "P_shortName": "IHO Hydro",
      "attributeType": 2,
      "justification": "Required for S-123.",
      "similarityToSourceDefinition": "No change has been made to the specification.",
      "proposalType": 1,
      "submitStatus": 1,
      "organization": "IHO (WWNWS)",
      "referenceSource": "Unspecified",
      "name": "Type of Radio Service",
      "dateProposed": "2026-01-12",
      "idx": 1360,
      "definition": "Categorization of the radio service by the technology or system\t",
      "alias": "",
      "status": 2,
      "register_FK": 20,
      "submittingMember_FK": 162,
      "reference": "",
      "similarityToSource": "Unspecified",
      "dateAccepted": "2026-01-22",
      "fc_FK": 9437
    },
    {
      "proposedChange": "Add new attribute.",
      "attributeTypeName": "enumeration",
      "proposalStatus": 3,
      "remarks": "",
      "camelCase": "frequencyBand",
      "P_shortName": "IHO Hydro",
      "attributeType": 2,
      "justification": "Required for S-123.",
      "similarityToSourceDefinition": "The style of the definition has been changed to match the style and structure of other specifications in the register that has imported the specification.",
      "proposalType": 1,
      "submitStatus": 1,
      "organization": "IHO (WWNWS)",
      "referenceSource": "Hydrographic Dictionary, Part I Volume I, English",
      "name": "Frequency Band",
      "dateProposed": "2026-01-12",
      "idx": 1361,
      "definition": "The range of frequency between two specific limits. Also called frequency band.",
      "alias": "Band of Frequency",
      "status": 2,
      "register_FK": 20,
      "submittingMember_FK": 162,
      "reference": "https://portal.iho.int/iho-ohi/S32/engView.php?quick_filter=band+of+frequency&quick_filter_operator=Equals",
      "similarityToSource": "Identical",
      "dateAccepted": "2026-01-22",
      "fc_FK": 3837
    },
    {
      "proposedChange": "Add new attribute.",
      "attributeTypeName": "enumeration",
      "proposalStatus": 3,
      "remarks": "",
      "camelCase": "typeOfBroadcastContent",
      "P_shortName": "IHO Hydro",
      "attributeType": 2,
      "justification": "Required for S-123.",
      "similarityToSourceDefinition": "No change has been made to the specification.",
      "proposalType": 1,
      "submitStatus": 1,
      "organization": "IHO (WWNWS)",
      "referenceSource": "Unspecified",
      "name": "Type of Broadcast Content",
      "dateProposed": "2026-01-12",
      "idx": 1362,
      "definition": "Categorization of the broadcast content by subject.\t",
      "alias": "",
      "status": 2,
      "register_FK": 20,
      "submittingMember_FK": 162,
      "reference": "",
      "similarityToSource": "Unspecified",
      "dateAccepted": "2026-01-22",
      "fc_FK": 9434
    },
    {
      "proposedChange": "Add new attribute.",
      "attributeTypeName": "enumeration",
      "proposalStatus": 3,
      "remarks": "",
      "camelCase": "categoryOfConnectivitySubscription",
      "P_shortName": "IHO Hydro",
      "attributeType": 2,
      "justification": "Required for S-123.",
      "similarityToSourceDefinition": "No change has been made to the specification.",
      "proposalType": 1,
      "submitStatus": 1,
      "organization": "IHO (WWNWS)",
      "referenceSource": "Unspecified",
      "name": "Category of Connectivity Subscription",
      "dateProposed": "2026-01-12",
      "idx": 1363,
      "definition": "Category of the communication system providing the connectivity coverage for subscription.\t",
      "alias": "",
      "status": 2,
      "register_FK": 20,
      "submittingMember_FK": 162,
      "reference": "",
      "similarityToSource": "Unspecified",
      "dateAccepted": "2026-01-22",
      "fc_FK": 9432
    },
    {
      "proposedChange": "Add new complex attribute.",
      "attributeTypeName": "complex",
      "proposalStatus": 3,
      "remarks": "",
      "camelCase": "areaA3ServiceDescription",
      "P_shortName": "IHO Hydro",
      "attributeType": 1,
      "justification": "Required for S-123.",
      "similarityToSourceDefinition": "No change has been made to the specification.",
      "proposalType": 1,
      "submitStatus": 1,
      "organization": "IHO (WWNWS)",
      "referenceSource": "Unspecified",
      "name": "Area A3 Service Description",
      "dateProposed": "2026-01-20",
      "idx": 1364,
      "definition": "Description of the radio service for area A3 of the Global Maritime Distress and Safety System (GMDSS).",
      "alias": "",
      "status": 2,
      "register_FK": 20,
      "submittingMember_FK": 162,
      "reference": "",
      "similarityToSource": "Unspecified",
      "dateAccepted": "2026-01-22",
      "fc_FK": 9426
    },
    {
      "proposedChange": "Add new complex attribute.",
      "attributeTypeName": "complex",
      "proposalStatus": 3,
      "remarks": "",
      "camelCase": "radiocommunicationIdentifier",
      "P_shortName": "IHO Hydro",
      "attributeType": 1,
      "justification": "Required for S-123.",
      "similarityToSourceDefinition": "No change has been made to the specification.",
      "proposalType": 1,
      "submitStatus": 1,
      "organization": "IHO (WWNWS)",
      "referenceSource": "Unspecified",
      "name": "Radiocommunication Identifier",
      "dateProposed": "2026-01-20",
      "idx": 1366,
      "definition": "Identifiers of the radio station in various maritime radiocommunication services.",
      "alias": "",
      "status": 2,
      "register_FK": 20,
      "submittingMember_FK": 162,
      "reference": "",
      "similarityToSource": "Unspecified",
      "dateAccepted": "2026-01-22",
      "fc_FK": 9431
    },
    {
      "proposedChange": "Add new complex attribute.",
      "attributeTypeName": "complex",
      "proposalStatus": 3,
      "remarks": "",
      "camelCase": "radioChannelDetails",
      "P_shortName": "IHO Hydro",
      "attributeType": 1,
      "justification": "Required for S-123.",
      "similarityToSourceDefinition": "No change has been made to the specification.",
      "proposalType": 1,
      "submitStatus": 1,
      "organization": "IHO (WWNWS)",
      "referenceSource": "Unspecified",
      "name": "Radio Channel Details",
      "dateProposed": "2026-01-20",
      "idx": 1367,
      "definition": "Details related to the radio channel used in the radio service.",
      "alias": "",
      "status": 2,
      "register_FK": 20,
      "submittingMember_FK": 162,
      "reference": "",
      "similarityToSource": "Unspecified",
      "dateAccepted": "2026-01-22",
      "fc_FK": 9430
    },
    {
      "proposedChange": "Add new complex attribute.",
      "attributeTypeName": "complex",
      "proposalStatus": 3,
      "remarks": "",
      "camelCase": "coverageIndication",
      "P_shortName": "IHO Hydro",
      "attributeType": 1,
      "justification": "Required for S-123.",
      "similarityToSourceDefinition": "No change has been made to the specification.",
      "proposalType": 1,
      "submitStatus": 1,
      "organization": "IHO (WWNWS)",
      "referenceSource": "Unspecified",
      "name": "Coverage Indication",
      "dateProposed": "2026-01-20",
      "idx": 1368,
      "definition": "Details related to the indication of the radio coverage.",
      "alias": "",
      "status": 2,
      "register_FK": 20,
      "submittingMember_FK": 162,
      "reference": "",
      "similarityToSource": "Unspecified",
      "dateAccepted": "2026-01-22",
      "fc_FK": 9428
    },
    {
      "proposedChange": "Add new complex attribute.",
      "attributeTypeName": "complex",
      "proposalStatus": 3,
      "remarks": "",
      "camelCase": "frequencyRange",
      "P_shortName": "IHO Hydro",
      "attributeType": 1,
      "justification": "Required for S-123.",
      "similarityToSourceDefinition": "No change has been made to the specification.",
      "proposalType": 1,
      "submitStatus": 1,
      "organization": "IHO (WWNWS)",
      "referenceSource": "Unspecified",
      "name": "Frequency Range",
      "dateProposed": "2026-01-20",
      "idx": 1369,
      "definition": "Frequency range of the electromagnetic spectrum in which the transmission is provided.",
      "alias": "",
      "status": 2,
      "register_FK": 20,
      "submittingMember_FK": 162,
      "reference": "",
      "similarityToSource": "Unspecified",
      "dateAccepted": "2026-01-22",
      "fc_FK": 9429
    },
    {
      "proposedChange": "Add new complex attribute.",
      "attributeTypeName": "complex",
      "proposalStatus": 3,
      "remarks": "",
      "camelCase": "broadcastContent",
      "P_shortName": "IHO Hydro",
      "attributeType": 1,
      "justification": "Required for S-123.",
      "similarityToSourceDefinition": "No change has been made to the specification.",
      "proposalType": 1,
      "submitStatus": 1,
      "organization": "IHO (WWNWS)",
      "referenceSource": "Unspecified",
      "name": "Broadcast Content",
      "dateProposed": "2026-01-20",
      "idx": 1370,
      "definition": "Details related to the content of the broadcast.",
      "alias": "",
      "status": 2,
      "register_FK": 20,
      "submittingMember_FK": 162,
      "reference": "",
      "similarityToSource": "Unspecified",
      "dateAccepted": "2026-01-22",
      "fc_FK": 9427
    },
    {
      "proposedChange": "Add new simple attribute.",
      "attributeTypeName": "text",
      "proposalStatus": 3,
      "remarks": "The string encodes one or more drawing instructions as described in S-100 Part 9a and S-100 clause 13-6.1.",
      "camelCase": "drawingInstruction",
      "P_shortName": "IHO Hydro",
      "attributeType": 4,
      "justification": "Add new simple attribute to support feature Chart 1 Feature.",
      "similarityToSourceDefinition": "The style of the definition has been changed to match the style and structure of other specifications in the register that has imported the specification.",
      "proposalType": 1,
      "submitStatus": 1,
      "organization": "IHO Secretariat",
      "referenceSource": "S-101 IHO Electronic Navigational Chart Product Specification",
      "name": "Drawing Instruction",
      "dateProposed": "2026-01-20",
      "idx": 1371,
      "definition": "Text describing one or more graphic elements that must be rendered in an end-user system.",
      "alias": "SYMINS",
      "status": 2,
      "register_FK": 20,
      "submittingMember_FK": 64,
      "reference": "Edition 2.0.0, clause 32.2.",
      "similarityToSource": "Identical",
      "dateAccepted": "2026-01-20",
      "fc_FK": 9113
    },
    {
      "proposedChange": "Add listed value",
      "idx": 1333,
      "definition": "Classification of equipment or installations that are used for providing shoreside electrical power to a vessel at berth.",
      "referenceItem_FK": 1328,
      "status": 2,
      "attributeTypeName": "enumeration",
      "register_FK": 20,
      "proposalStatus": 3,
      "P_shortName": "IHO Hydro",
      "camelCase": "categoryOfShorePowerFacility",
      "attributeType": 2,
      "submittingMember_FK": 56,
      "similarityToSourceDefinition": "No change has been made to the specification.",
      "justification": "For S-131",
      "proposalType": 2,
      "submitStatus": 1,
      "reference": "",
      "similarityToSource": "Unspecified",
      "organization": "IHO (TWCWG)",
      "dateAccepted": "2026-01-19",
      "referenceSource": "IHO Nautical Information Provision Working Group",
      "name": "Category of Shore Power Facility",
      "fc_FK": 9815,
      "dateProposed": "2025-12-26"
    },
    {
      "proposedChange": "Add new attribute.",
      "attributeTypeName": "text",
      "proposalStatus": 3,
      "remarks": "",
      "camelCase": "hoursOfWatch",
      "P_shortName": "IHO Hydro",
      "attributeType": 4,
      "justification": "Required for S-123.",
      "similarityToSourceDefinition": "No change has been made to the specification.",
      "proposalType": 1,
      "submitStatus": 1,
      "organization": "IHO (WWNWS)",
      "referenceSource": "Unspecified",
      "name": "Hours of Watch",
      "dateProposed": "2026-01-12",
      "idx": 1334,
      "definition": "The hours during which the watch on the radio channel is maintained. Hours are given in UTC, such as 0930-1000, or by using a service symbol such as \"H24\" for a 24 hour service.",
      "alias": "",
      "status": 2,
      "register_FK": 20,
      "submittingMember_FK": 162,
      "reference": "",
      "similarityToSource": "Unspecified",
      "dateAccepted": "2026-01-19",
      "fc_FK": 9531
    },
    {
      "proposedChange": "Add new attribute.",
      "attributeTypeName": "real",
      "proposalStatus": 3,
      "P_shortName": "IHO Hydro",
      "remarks": "",
      "camelCase": "uplinkBandwidth",
      "attributeType": 5,
      "justification": "Required for S-123.",
      "similarityToSourceDefinition": "No change has been made to the specification.",
      "proposalType": 1,
      "submitStatus": 1,
      "organization": "IHO (WWNWS)",
      "quantity_SPEC": "otherQuantity",
      "referenceSource": "Unspecified",
      "name": "Uplink Bandwidth",
      "dateProposed": "2026-01-12",
      "idx": 1336,
      "definition": "Uplink bandwith in Mbps",
      "alias": "",
      "status": 2,
      "register_FK": 20,
      "submittingMember_FK": 162,
      "reference": "",
      "similarityToSource": "Unspecified",
      "dateAccepted": "2026-01-19",
      "fc_FK": 9527
    },
    {
      "proposedChange": "Add new attribute.",
      "attributeTypeName": "real",
      "proposalStatus": 3,
      "P_shortName": "IHO Hydro",
      "remarks": "",
      "camelCase": "downlinkBandwidth",
      "attributeType": 5,
      "justification": "Required for S-123.",
      "similarityToSourceDefinition": "No change has been made to the specification.",
      "proposalType": 1,
      "submitStatus": 1,
      "organization": "IHO (WWNWS)",
      "quantity_SPEC": "otherQuantity",
      "referenceSource": "Unspecified",
      "name": "Downlink Bandwidth",
      "dateProposed": "2026-01-12",
      "idx": 1337,
      "definition": "Downlink bandwidth in Mbps",
      "alias": "",
      "status": 2,
      "register_FK": 20,
      "submittingMember_FK": 162,
      "reference": "",
      "similarityToSource": "Unspecified",
      "dateAccepted": "2026-01-19",
      "fc_FK": 9524
    },
    {
      "proposedChange": "Add new attribute.",
      "attributeTypeName": "real",
      "proposalStatus": 3,
      "P_shortName": "IHO Hydro",
      "remarks": "",
      "camelCase": "packetDelay",
      "attributeType": 5,
      "justification": "Required for S-123.",
      "similarityToSourceDefinition": "No change has been made to the specification.",
      "proposalType": 1,
      "submitStatus": 1,
      "organization": "IHO (WWNWS)",
      "quantity_SPEC": "duration",
      "referenceSource": "Unspecified",
      "name": "Packet Delay",
      "dateProposed": "2026-01-12",
      "idx": 1338,
      "definition": "Packet delay in ms",
      "alias": "",
      "status": 2,
      "register_FK": 20,
      "submittingMember_FK": 162,
      "reference": "",
      "similarityToSource": "Unspecified",
      "dateAccepted": "2026-01-19",
      "fc_FK": 9525
    },
    {
      "proposedChange": "Add new attribute.",
      "attributeTypeName": "integer",
      "proposalStatus": 3,
      "P_shortName": "IHO Hydro",
      "remarks": "",
      "camelCase": "maximumDataBurstVolume",
      "attributeType": 14,
      "justification": "Required for S-123.",
      "similarityToSourceDefinition": "No change has been made to the specification.",
      "proposalType": 1,
      "submitStatus": 1,
      "organization": "IHO (WWNWS)",
      "quantity_SPEC": "otherQuantity",
      "referenceSource": "Unspecified",
      "name": "Maximum Data Burst Volume",
      "dateProposed": "2026-01-12",
      "idx": 1339,
      "definition": "Maximum data burst volume in bytes",
      "alias": "",
      "status": 2,
      "register_FK": 20,
      "submittingMember_FK": 162,
      "reference": "",
      "similarityToSource": "Unspecified",
      "dateAccepted": "2026-01-19",
      "fc_FK": 9520
    },
    {
      "proposedChange": "Add new attribute.",
      "attributeTypeName": "text",
      "proposalStatus": 3,
      "remarks": "",
      "camelCase": "communicationStandard",
      "P_shortName": "IHO Hydro",
      "attributeType": 4,
      "justification": "Required for S-123.",
      "similarityToSourceDefinition": "No change has been made to the specification.",
      "proposalType": 1,
      "submitStatus": 1,
      "organization": "IHO (WWNWS)",
      "referenceSource": "Unspecified",
      "name": "Communication Standard",
      "dateProposed": "2026-01-12",
      "idx": 1340,
      "definition": "The communications standard applicable to accessing the radio service.",
      "alias": "",
      "status": 2,
      "register_FK": 20,
      "submittingMember_FK": 162,
      "reference": "",
      "similarityToSource": "Unspecified",
      "dateAccepted": "2026-01-19",
      "fc_FK": 9530
    },
    {
      "proposedChange": "Add new attribute.",
      "attributeTypeName": "real",
      "proposalStatus": 3,
      "P_shortName": "IHO Hydro",
      "remarks": "",
      "camelCase": "baseStationAntennaHeight",
      "attributeType": 5,
      "justification": "Required for S-123.",
      "similarityToSourceDefinition": "No change has been made to the specification.",
      "proposalType": 1,
      "submitStatus": 1,
      "organization": "IHO (WWNWS)",
      "quantity_SPEC": "length",
      "referenceSource": "Unspecified",
      "name": "Base Station Antenna Height",
      "dateProposed": "2026-01-12",
      "idx": 1341,
      "definition": "Antenna height of the base station in metres.",
      "alias": "",
      "status": 2,
      "register_FK": 20,
      "submittingMember_FK": 162,
      "reference": "",
      "similarityToSource": "Unspecified",
      "dateAccepted": "2026-01-19",
      "fc_FK": 9523
    },
    {
      "proposedChange": "Add new attribute.",
      "attributeTypeName": "real",
      "proposalStatus": 3,
      "P_shortName": "IHO Hydro",
      "remarks": "",
      "camelCase": "minimumReceivedPower",
      "attributeType": 5,
      "justification": "Required for S-123.",
      "similarityToSourceDefinition": "No change has been made to the specification.",
      "proposalType": 1,
      "submitStatus": 1,
      "organization": "IHO (WWNWS)",
      "quantity_SPEC": "power",
      "referenceSource": "Unspecified",
      "name": "Minimum Received Power",
      "dateProposed": "2026-01-12",
      "idx": 1342,
      "definition": "Minimum received power in dBm.",
      "alias": "",
      "status": 2,
      "register_FK": 20,
      "submittingMember_FK": 162,
      "reference": "",
      "similarityToSource": "Unspecified",
      "dateAccepted": "2026-01-19",
      "fc_FK": 9521
    },
    {
      "proposedChange": "Add new attribute.",
      "attributeTypeName": "real",
      "proposalStatus": 3,
      "P_shortName": "IHO Hydro",
      "remarks": "",
      "camelCase": "presumedReceiverAntennaHeight",
      "attributeType": 5,
      "justification": "Required for S-123.",
      "similarityToSourceDefinition": "No change has been made to the specification.",
      "proposalType": 1,
      "submitStatus": 1,
      "organization": "IHO (WWNWS)",
      "quantity_SPEC": "length",
      "referenceSource": "Unspecified",
      "name": "Presumed Receiver Antenna Height",
      "dateProposed": "2026-01-12",
      "idx": 1343,
      "definition": "Presumed receiver antenna height for the calculation of radio coverage.",
      "alias": "",
      "status": 2,
      "register_FK": 20,
      "submittingMember_FK": 162,
      "reference": "",
      "similarityToSource": "Unspecified",
      "dateAccepted": "2026-01-19",
      "fc_FK": 9526
    },
    {
      "proposedChange": "Add new attribute.",
      "attributeTypeName": "real",
      "proposalStatus": 3,
      "P_shortName": "IHO Hydro",
      "remarks": "",
      "camelCase": "minimumSignalToInterferenceNoiseRatio",
      "attributeType": 5,
      "justification": "Required for S-123.",
      "similarityToSourceDefinition": "No change has been made to the specification.",
      "proposalType": 1,
      "submitStatus": 1,
      "organization": "IHO (WWNWS)",
      "quantity_SPEC": "otherQuantity",
      "referenceSource": "Unspecified",
      "name": "Minimum Signal to Interference Noise Ratio",
      "dateProposed": "2026-01-12",
      "idx": 1344,
      "definition": "The minimum value of Signal to Interference plus Noise Ratio (SINR) in dB.",
      "alias": "",
      "status": 2,
      "register_FK": 20,
      "submittingMember_FK": 162,
      "reference": "",
      "similarityToSource": "Unspecified",
      "dateAccepted": "2026-01-19",
      "fc_FK": 9522
    },
    {
      "proposedChange": "Add new attribute.",
      "attributeTypeName": "integer",
      "proposalStatus": 3,
      "P_shortName": "IHO Hydro",
      "remarks": "",
      "camelCase": "frequencyLimitLower",
      "attributeType": 14,
      "justification": "Required for S-123.",
      "similarityToSourceDefinition": "No change has been made to the specification.",
      "proposalType": 1,
      "submitStatus": 1,
      "organization": "IHO (WWNWS)",
      "quantity_SPEC": "frequency",
      "referenceSource": "Unspecified",
      "name": "Frequency Limit Lower",
      "dateProposed": "2026-01-12",
      "idx": 1345,
      "definition": "Lower limit of the frequency range in Hz.",
      "alias": "",
      "status": 2,
      "register_FK": 20,
      "submittingMember_FK": 162,
      "reference": "",
      "similarityToSource": "Unspecified",
      "dateAccepted": "2026-01-19",
      "fc_FK": 9518
    },
    {
      "proposedChange": "Add new attribute.",
      "attributeTypeName": "integer",
      "proposalStatus": 3,
      "P_shortName": "IHO Hydro",
      "remarks": "",
      "camelCase": "frequencyLimitUpper",
      "attributeType": 14,
      "justification": "Required for S-123.",
      "similarityToSourceDefinition": "No change has been made to the specification.",
      "proposalType": 1,
      "submitStatus": 1,
      "organization": "IHO (WWNWS)",
      "quantity_SPEC": "frequency",
      "referenceSource": "Unspecified",
      "name": "Frequency Limit Upper",
      "dateProposed": "2026-01-12",
      "idx": 1346,
      "definition": "Upper limit of the frequency range in Hz.",
      "alias": "",
      "status": 2,
      "register_FK": 20,
      "submittingMember_FK": 162,
      "reference": "",
      "similarityToSource": "Unspecified",
      "dateAccepted": "2026-01-19",
      "fc_FK": 9519
    },
    {
      "proposedChange": "Add new attribute.",
      "attributeTypeName": "text",
      "proposalStatus": 3,
      "remarks": "",
      "camelCase": "idNAVAREA",
      "P_shortName": "IHO Hydro",
      "attributeType": 4,
      "justification": "Required for S-123.",
      "similarityToSourceDefinition": "No change has been made to the specification.",
      "proposalType": 1,
      "submitStatus": 1,
      "organization": "IHO (WWNWS)",
      "referenceSource": "Unspecified",
      "name": "Id NAVAREA",
      "dateProposed": "2026-01-12",
      "idx": 1347,
      "definition": "The identifier for a NAVAREA.",
      "alias": "",
      "status": 2,
      "register_FK": 20,
      "submittingMember_FK": 162,
      "reference": "",
      "similarityToSource": "Unspecified",
      "dateAccepted": "2026-01-19",
      "fc_FK": 9533
    },
    {
      "proposedChange": "Add new attribute.",
      "attributeTypeName": "boolean",
      "proposalStatus": 3,
      "remarks": "",
      "camelCase": "acceptAMVER",
      "P_shortName": "IHO Hydro",
      "attributeType": 6,
      "justification": "Required for S-123.",
      "similarityToSourceDefinition": "No change has been made to the specification.",
      "proposalType": 1,
      "submitStatus": 1,
      "organization": "IHO (WWNWS)",
      "referenceSource": "Unspecified",
      "name": "Accept AMVER",
      "dateProposed": "2026-01-12",
      "idx": 1348,
      "definition": "A statement that expresses if it accepts AMVER (Automated Mutual-Assistance Vessel Rescue system) reports.",
      "alias": "",
      "status": 2,
      "register_FK": 20,
      "submittingMember_FK": 162,
      "reference": "",
      "similarityToSource": "Unspecified",
      "dateAccepted": "2026-01-19",
      "fc_FK": 9515
    },
    {
      "proposedChange": "Add new attribute.",
      "attributeTypeName": "text",
      "proposalStatus": 3,
      "remarks": "",
      "camelCase": "satelliteOceanRegion",
      "P_shortName": "IHO Hydro",
      "attributeType": 4,
      "justification": "Required for S-123",
      "similarityToSourceDefinition": "No change has been made to the specification.",
      "proposalType": 1,
      "submitStatus": 1,
      "organization": "IHO (WWNWS)",
      "referenceSource": "Unspecified",
      "name": "Satellite Ocean Region",
      "dateProposed": "2026-01-12",
      "idx": 1349,
      "definition": "The identifier of the ocean region area, within which a station can obtain line-of-sight communication, with an Inmarsat satellite.",
      "alias": "",
      "status": 2,
      "register_FK": 20,
      "submittingMember_FK": 162,
      "reference": "",
      "similarityToSource": "Unspecified",
      "dateAccepted": "2026-01-19",
      "fc_FK": 9535
    },
    {
      "proposedChange": "Add new attribute.",
      "attributeTypeName": "text",
      "proposalStatus": 3,
      "remarks": "",
      "camelCase": "mSICoastalWarningArea",
      "P_shortName": "IHO Hydro",
      "attributeType": 4,
      "justification": "Required for S-123.",
      "similarityToSourceDefinition": "No change has been made to the specification.",
      "proposalType": 1,
      "submitStatus": 1,
      "organization": "IHO (WWNWS)",
      "referenceSource": "Unspecified",
      "name": "MSI Coastal Warning Area",
      "dateProposed": "2026-01-12",
      "idx": 1350,
      "definition": "The coastal warning area identification letter(s) to be selected to receive the Maritime Safety Information (MSI) for the corresponding coastal warning area(s).",
      "alias": "",
      "status": 2,
      "register_FK": 20,
      "submittingMember_FK": 162,
      "reference": "",
      "similarityToSource": "Unspecified",
      "dateAccepted": "2026-01-19",
      "fc_FK": 9534
    },
    {
      "proposedChange": "Add new attribute.",
      "attributeTypeName": "text",
      "proposalStatus": 3,
      "remarks": "",
      "camelCase": "idMETAREA",
      "P_shortName": "IHO Hydro",
      "attributeType": 4,
      "justification": "Required for S-123.",
      "similarityToSourceDefinition": "No change has been made to the specification.",
      "proposalType": 1,
      "submitStatus": 1,
      "organization": "IHO (WWNWS)",
      "referenceSource": "Unspecified",
      "name": "Id METAREA",
      "dateProposed": "2026-01-12",
      "idx": 1351,
      "definition": "The identifier for a METAREA.",
      "alias": "",
      "status": 2,
      "register_FK": 20,
      "submittingMember_FK": 162,
      "reference": "",
      "similarityToSource": "Unspecified",
      "dateAccepted": "2026-01-19",
      "fc_FK": 9532
    },
    {
      "proposedChange": "Add new attribute.",
      "attributeTypeName": "boolean",
      "proposalStatus": 3,
      "remarks": "",
      "camelCase": "remoteControlled",
      "P_shortName": "IHO Hydro",
      "attributeType": 6,
      "justification": "Required for S-123.",
      "similarityToSourceDefinition": "No change has been made to the specification.",
      "proposalType": 1,
      "submitStatus": 1,
      "organization": "IHO (WWNWS)",
      "referenceSource": "Unspecified",
      "name": "Remote Controlled",
      "dateProposed": "2026-01-12",
      "idx": 1352,
      "definition": "A statement that expresses if it is remote controlled.",
      "alias": "",
      "status": 2,
      "register_FK": 20,
      "submittingMember_FK": 162,
      "reference": "",
      "similarityToSource": "Unspecified",
      "dateAccepted": "2026-01-19",
      "fc_FK": 9516
    },
    {
      "proposedChange": "Add new attribute.",
      "attributeTypeName": "text",
      "proposalStatus": 3,
      "remarks": "",
      "camelCase": "classOfEmission",
      "P_shortName": "IHO Hydro",
      "attributeType": 4,
      "justification": "Required for S-123.",
      "similarityToSourceDefinition": "No change has been made to the specification.",
      "proposalType": 1,
      "submitStatus": 1,
      "organization": "IHO (WWNWS)",
      "referenceSource": "International Telecommunications Union Radio Regulations",
      "name": "Class of Emission",
      "dateProposed": "2026-01-12",
      "idx": 1353,
      "definition": "The set of characteristics of an emission, designated by standard symbols, e.g. type of modulation of the main carrier, modulating signal, type of information to be transmitted, and also, if appropriate, any additional signal characteristics.",
      "alias": "",
      "status": 2,
      "register_FK": 20,
      "submittingMember_FK": 162,
      "reference": "",
      "similarityToSource": "Unspecified",
      "dateAccepted": "2026-01-19",
      "fc_FK": 9528
    },
    {
      "proposedChange": "Add new attribute.",
      "attributeTypeName": "text",
      "proposalStatus": 3,
      "remarks": "",
      "camelCase": "subjectDescription",
      "P_shortName": "IHO Hydro",
      "attributeType": 4,
      "justification": "Required for S-123.",
      "similarityToSourceDefinition": "No change has been made to the specification.",
      "proposalType": 1,
      "submitStatus": 1,
      "organization": "IHO (WWNWS)",
      "referenceSource": "Unspecified",
      "name": "Subject Description",
      "dateProposed": "2026-01-12",
      "idx": 1354,
      "definition": "Descriptions of the subject of the transmitted message.",
      "alias": "",
      "status": 2,
      "register_FK": 20,
      "submittingMember_FK": 162,
      "reference": "",
      "similarityToSource": "Unspecified",
      "dateAccepted": "2026-01-19",
      "fc_FK": 9536
    },
    {
      "proposedChange": "Add new attribute.",
      "attributeTypeName": "integer",
      "proposalStatus": 3,
      "P_shortName": "IHO Hydro",
      "remarks": "",
      "camelCase": "dataTransmissionRate",
      "attributeType": 14,
      "justification": "Required for S-123.",
      "similarityToSourceDefinition": "No change has been made to the specification.",
      "proposalType": 1,
      "submitStatus": 1,
      "organization": "IHO (WWNWS)",
      "quantity_SPEC": "speed",
      "referenceSource": "International Telecommunications Union Terms and Definitions",
      "name": "Data Transmission Rate",
      "dateProposed": "2026-01-12",
      "idx": 1355,
      "definition": "The average number of bits communicated (transmitted) in 1 second.",
      "alias": "",
      "status": 2,
      "register_FK": 20,
      "submittingMember_FK": 162,
      "reference": "",
      "similarityToSource": "Unspecified",
      "dateAccepted": "2026-01-19",
      "fc_FK": 9517
    },
    {
      "proposedChange": "Add new attribute.",
      "attributeTypeName": "text",
      "proposalStatus": 3,
      "remarks": "",
      "camelCase": "coastStationIdentificationCode",
      "P_shortName": "IHO Hydro",
      "attributeType": 4,
      "justification": "Required for S-123.",
      "similarityToSourceDefinition": "No change has been made to the specification.",
      "proposalType": 1,
      "submitStatus": 1,
      "organization": "IHO (WWNWS)",
      "referenceSource": "Unspecified",
      "name": "Coast Station Identification Code",
      "dateProposed": "2026-01-12",
      "idx": 1356,
      "definition": "A code, issued according to a standard and coordination procedure, to identify the transmission of a coast radio station.",
      "alias": "",
      "status": 2,
      "register_FK": 20,
      "submittingMember_FK": 162,
      "reference": "",
      "similarityToSource": "Unspecified",
      "dateAccepted": "2026-01-19",
      "fc_FK": 9529
    },
    {
      "proposedChange": "Add new attribute.",
      "attributeTypeName": "text",
      "proposalStatus": 3,
      "remarks": "",
      "camelCase": "subjectOrMessageTypeCode",
      "P_shortName": "IHO Hydro",
      "attributeType": 4,
      "justification": "Required for S-123.",
      "similarityToSourceDefinition": "No change has been made to the specification.",
      "proposalType": 1,
      "submitStatus": 1,
      "organization": "IHO (WWNWS)",
      "referenceSource": "Unspecified",
      "name": "Subject or Message Type Code",
      "dateProposed": "2026-01-12",
      "idx": 1357,
      "definition": "A code specified for a communication system to indicate the subject group or message type of the transmitted content, e.g., message type of DGNSS, subject code for NAVDAT, or subject indicator character for NAVTEX. ",
      "alias": "",
      "status": 2,
      "register_FK": 20,
      "submittingMember_FK": 162,
      "reference": "",
      "similarityToSource": "Unspecified",
      "dateAccepted": "2026-01-19",
      "fc_FK": 9537
    },
    {
      "proposedChange": "New attribute",
      "attributeTypeName": "text",
      "proposalStatus": 3,
      "remarks": "",
      "camelCase": "shorePowerServiceProvider",
      "P_shortName": "IHO Hydro",
      "attributeType": 4,
      "justification": "For S-131 2.0.0",
      "similarityToSourceDefinition": "No change has been made to the specification.",
      "proposalType": 1,
      "submitStatus": 1,
      "organization": "IHO (TWCWG)",
      "referenceSource": "IHO Nautical Information Provision Working Group",
      "name": "Shore Power Service Provider",
      "dateProposed": "2025-12-21",
      "idx": 1331,
      "definition": "An entity that generates, sells, or is responsible for supplying shore power to vessels.",
      "alias": "",
      "status": 2,
      "register_FK": 20,
      "submittingMember_FK": 56,
      "reference": "",
      "similarityToSource": "Unspecified",
      "dateAccepted": "2025-12-21",
      "fc_FK": 9855
    },
    {
      "proposedChange": "New attribute",
      "attributeTypeName": "enumeration",
      "proposalStatus": 3,
      "remarks": "",
      "camelCase": "categoryOfTerminal",
      "P_shortName": "IHO Hydro",
      "attributeType": 2,
      "justification": "For S-131 Marine Harbour Infrastructure Edition 2.0.0",
      "similarityToSourceDefinition": "No change has been made to the specification.",
      "proposalType": 1,
      "submitStatus": 1,
      "organization": "IHO (TWCWG)",
      "referenceSource": "IHO Nautical Information Provision Working Group",
      "name": "Category of Terminal",
      "dateProposed": "2025-12-21",
      "idx": 1332,
      "definition": "Classification of terminals according to type of use, purpose, or type of cargo loaded or unloaded.",
      "alias": "",
      "status": 2,
      "register_FK": 20,
      "submittingMember_FK": 56,
      "reference": "",
      "similarityToSource": "Unspecified",
      "dateAccepted": "2025-12-21",
      "fc_FK": 9854
    },
    {
      "proposedChange": "New attribute",
      "attributeTypeName": "enumeration",
      "proposalStatus": 3,
      "remarks": "",
      "camelCase": "sRSFormatCode",
      "P_shortName": "IHO Hydro",
      "attributeType": 2,
      "justification": "For S-127 Edition 2.0.0",
      "similarityToSourceDefinition": "No change has been made to the specification.",
      "proposalType": 1,
      "submitStatus": 1,
      "organization": "IHO (TWCWG)",
      "referenceSource": "IMO Res. A.851(20)",
      "name": "SRS Format Code",
      "dateProposed": "2025-12-12",
      "idx": 1322,
      "definition": "The standard ship reporting formats according to IMO Resolution A.531(13) General Principles for Ship Reporting System or IMO A.851(20).",
      "alias": "",
      "status": 2,
      "register_FK": 20,
      "submittingMember_FK": 56,
      "reference": "",
      "similarityToSource": "Unspecified",
      "dateAccepted": "2025-12-14",
      "fc_FK": 9745
    },
    {
      "proposedChange": "new attribute",
      "attributeTypeName": "real",
      "proposalStatus": 3,
      "P_shortName": "IHO Hydro",
      "remarks": "",
      "camelCase": "safeWorkingLoad",
      "attributeType": 5,
      "justification": "for S-131 Edition 2.0.0",
      "similarityToSourceDefinition": "No change has been made to the specification.",
      "proposalType": 1,
      "submitStatus": 1,
      "quantity_SPEC": "otherQuantity",
      "organization": "IHO (TWCWG)",
      "referenceSource": "IHO Nautical Information Provision Working Group",
      "name": "Safe Working Load",
      "rangeClosure": "gtSemiInterval",
      "dateProposed": "2025-12-12",
      "idx": 1323,
      "definition": "The maximum safe force or load that a piece of equipment, device, or accessory can handle without breaking or failing under normal conditions.",
      "alias": "SWL",
      "status": 2,
      "register_FK": 20,
      "minimumRange": "0.0",
      "submittingMember_FK": 56,
      "reference": "",
      "similarityToSource": "Unspecified",
      "dateAccepted": "2025-12-14",
      "fc_FK": 9831
    },
    {
      "proposedChange": "new attribute",
      "attributeTypeName": "text",
      "proposalStatus": 3,
      "remarks": "",
      "camelCase": "designationIdentifier",
      "P_shortName": "IHO Hydro",
      "attributeType": 4,
      "justification": "for s-122",
      "similarityToSourceDefinition": "No change has been made to the specification.",
      "proposalType": 1,
      "submitStatus": 1,
      "organization": "IHO (TWCWG)",
      "referenceSource": "IHO Nautical Information Provision Working Group",
      "name": "Designation Identifier",
      "dateProposed": "2025-12-12",
      "idx": 1324,
      "definition": "An identifier which is an instance of a particular, named designation scheme.",
      "alias": "",
      "status": 2,
      "register_FK": 20,
      "submittingMember_FK": 56,
      "reference": "",
      "similarityToSource": "Unspecified",
      "dateAccepted": "2025-12-14",
      "fc_FK": 9833
    },
    {
      "proposedChange": "new attribute",
      "attributeTypeName": "text",
      "proposalStatus": 3,
      "remarks": "",
      "camelCase": "designationScheme",
      "P_shortName": "IHO Hydro",
      "attributeType": 4,
      "justification": "for S-122",
      "similarityToSourceDefinition": "No change has been made to the specification.",
      "proposalType": 1,
      "submitStatus": 1,
      "organization": "IHO (TWCWG)",
      "referenceSource": "IHO Nautical Information Provision Working Group",
      "name": "Designation Scheme",
      "dateProposed": "2025-12-12",
      "idx": 1325,
      "definition": "The name of a scheme under which an identifier is defined.",
      "alias": "",
      "status": 2,
      "register_FK": 20,
      "submittingMember_FK": 56,
      "reference": "",
      "similarityToSource": "Unspecified",
      "dateAccepted": "2025-12-14",
      "fc_FK": 9834
    },
    {
      "proposedChange": "new complex type",
      "attributeTypeName": "complex",
      "proposalStatus": 3,
      "remarks": "",
      "camelCase": "designation",
      "P_shortName": "IHO Hydro",
      "attributeType": 1,
      "justification": "for s-122",
      "similarityToSourceDefinition": "No change has been made to the specification.",
      "proposalType": 1,
      "submitStatus": 1,
      "organization": "IHO (TWCWG)",
      "referenceSource": "IHO Nautical Information Provision Working Group",
      "name": "Designation",
      "dateProposed": "2025-12-12",
      "idx": 1326,
      "definition": "An official name, title or description. This can be an identifier or an identifier which is an instance of a named designation scheme.",
      "alias": "",
      "status": 2,
      "register_FK": 20,
      "submittingMember_FK": 56,
      "reference": "",
      "similarityToSource": "Unspecified",
      "dateAccepted": "2025-12-14",
      "fc_FK": 9835
    },
    {
      "proposedChange": "New attribute",
      "idx": 1329,
      "definition": "A textual description of precautions for shore power usage.",
      "status": 2,
      "attributeTypeName": "text",
      "register_FK": 20,
      "proposalStatus": 3,
      "P_shortName": "IHO Hydro",
      "camelCase": "shorePowerDescription",
      "attributeType": 4,
      "submittingMember_FK": 56,
      "similarityToSourceDefinition": "No change has been made to the specification.",
      "justification": "For S-131",
      "proposalType": 1,
      "reference": "",
      "submitStatus": 1,
      "similarityToSource": "Unspecified",
      "organization": "IHO (TWCWG)",
      "dateAccepted": "2025-12-14",
      "referenceSource": "IHO Nautical Information Provision Working Group",
      "name": "Shore Power Description",
      "fc_FK": 9814,
      "dateProposed": "2025-12-13"
    },
    {
      "proposedChange": "Add sub-attributes as in the reference source (ISO 19115-1).",
      "referenceItem_FK": 243,
      "attributeTypeName": "complex",
      "proposalStatus": 3,
      "P_shortName": "IHO Hydro",
      "remarks": "",
      "camelCase": "onlineResource",
      "attributeType": 1,
      "justification": "For NIPWG S-127/S-131 Editions 2.0.0. Except for linkage, all the sub-attributes are optional and FCs for individual product specifications can bind only those needed in the product.",
      "similarityToSourceDefinition": "The specification includes information about its context that is not explicit in the specification in the external source.",
      "proposalType": 3,
      "submitStatus": 1,
      "organization": "IHO (TWCWG)",
      "referenceSource": "ISO 19115:2005, Geographic Information - Metadata",
      "name": "Online Resource",
      "dateProposed": "2025-10-06",
      "idx": 1321,
      "definition": "Information about online sources from which a resource or data can be obtained.",
      "alias": "",
      "status": 2,
      "register_FK": 20,
      "submittingMember_FK": 56,
      "reference": "2017",
      "similarityToSource": "Restyled",
      "dateAccepted": "2025-10-08",
      "fc_FK": 1388
    },
    {
      "proposedChange": "Define complex attribute as successor to legacy S-57 simple attribute, which has been retired",
      "attributeTypeName": "complex",
      "proposalStatus": 3,
      "remarks": "Content of featureName is source authority name.",
      "camelCase": "sourceIndication",
      "P_shortName": "IHO Hydro",
      "attributeType": 1,
      "justification": "For use by NIPWG Product Specifications, S-401, and S-130,, as agreed by NIPWG, IENC and S-130 project teams",
      "similarityToSourceDefinition": "The style of the definition has been changed to match the style and structure of other specifications in the register that has imported the specification.",
      "proposalType": 1,
      "submitStatus": 1,
      "organization": "IHO (TWCWG)",
      "referenceSource": "IHO Nautical Information Provision Working Group",
      "name": "Source Indication",
      "dateProposed": "2025-09-03",
      "idx": 1320,
      "definition": "Information about the source document, publication, or reference from which object data or textual material included or referenced in a dataset are derived.",
      "alias": "",
      "status": 2,
      "register_FK": 20,
      "submittingMember_FK": 56,
      "reference": "2018",
      "similarityToSource": "Identical",
      "dateAccepted": "2025-09-19",
      "fc_FK": 1736
    }
  ],
  "resultCode": "000",
  "resultMsg": "Success",
  "count": 50
}